id,label,generator,rate,source_seconds,variant_seconds,frame_count,log_rms_acf_max,log_rms_acf_median,log_rms_acf_contrast,log_rms_peak_lag_original_seconds,log_spectral_shape_acf_max,log_spectral_shape_acf_median,log_spectral_shape_acf_contrast,log_spectral_shape_peak_lag_original_seconds,log_rms_acf_max_delta_from_original,log_rms_acf_median_delta_from_original,log_rms_acf_contrast_delta_from_original,log_spectral_shape_acf_max_delta_from_original,log_spectral_shape_acf_median_delta_from_original,log_spectral_shape_acf_contrast_delta_from_original
brep_human_test-00000-of-00002_00436,0,human,original,11.04,11.04,1102,0.16916725730847923,-0.06053298279747615,0.22970024010595538,0.27,0.09776172939276757,0.016411178753909284,0.0813505506388583,0.81,0.0,0.0,0.0,0.0,0.0,0.0
brep_human_test-00000-of-00002_00436,0,human,1.0,11.04,11.032125,1101,0.1596453315269362,-0.060102240402847576,0.21974757192978378,0.27,0.08776891615786221,0.018235918466100516,0.06953299769176169,0.78,-0.00952192578154304,0.0004307423946285707,-0.009952668176171603,-0.009992813234905362,0.001824739712191232,-0.011817552947096605
brep_human_test-00000-of-00002_00436,0,human,0.8,11.04,13.7758125,1376,0.14963964318746717,-0.06353713721147002,0.21317678039893717,1.8900000000000001,0.09552604410879753,0.013019945305014456,0.08250609880378307,0.8300000000000001,-0.01952761412101206,-0.003004154413993869,-0.016523459707018212,-0.002235685283970043,-0.003391233448894828,0.0011555481649247745
brep_human_test-00000-of-00002_00436,0,human,1.25,11.04,8.845125,883,0.19299762544075558,-0.06364936368502366,0.2566469891257792,0.26,0.09599909417573138,0.02052067741210283,0.07547841676362856,0.79,0.023830368132276347,-0.0031163808875475166,0.02694674901982383,-0.001762635217036193,0.004109498658193544,-0.0058721338752297375
brep_human_test-00000-of-00002_00482,0,human,original,7.52,7.52,750,0.1823558724007064,-0.044496446338175503,0.2268523187388819,1.69,0.11716564380462985,-0.004065182415919405,0.12123082622054926,1.24,0.0,0.0,0.0,0.0,0.0,0.0
brep_human_test-00000-of-00002_00482,0,human,1.0,7.52,7.5151875,750,0.1771306321210211,-0.04118235357226367,0.21831298569328478,1.69,0.11765362534700784,-0.00462230339969722,0.12227592874670505,1.24,-0.005225240279685295,0.0033140927659118316,-0.00853933304559712,0.0004879815423779882,-0.0005571209837778148,0.0010451025261557917
brep_human_test-00000-of-00002_00482,0,human,0.8,7.52,9.367375,935,0.19896018510586,-0.040526517504913456,0.23948670261077346,1.69,0.10386773501297585,-0.009912305313309088,0.11378004032628493,1.24,0.016604312705153612,0.003969928833262047,0.012634383871891558,-0.013297908791654003,-0.005847122897389683,-0.007450785894264331
brep_human_test-00000-of-00002_00482,0,human,1.25,7.52,6.0230625,600,0.14636296364208376,-0.04349536029405683,0.1898583239361406,1.69,0.1230517529153373,-0.0022128229938097343,0.12526457590914705,1.25,-0.03599290875862263,0.0010010860441186722,-0.03699399480274129,0.005886109110707458,0.001852359422109671,0.004033749688597793
brep_human_test-00000-of-00002_00433,0,human,original,18.32,18.32,1830,0.23451792673562621,-0.02287227897441597,0.2573902057100422,0.25,0.0816386055048472,-0.01734729575597971,0.0989859012608269,1.24,0.0,0.0,0.0,0.0,0.0,0.0
brep_human_test-00000-of-00002_00433,0,human,1.0,18.32,18.31525,1830,0.2336290970089221,-0.01973796321363804,0.2533670602225601,0.25,0.07965453106188197,-0.016015726909027844,0.09567025797090982,1.24,-0.0008888297267041212,0.0031343157607779323,-0.0040231454874820605,-0.0019840744429652224,0.001331568846951868,-0.0033156432899170835
brep_human_test-00000-of-00002_00433,0,human,0.8,18.32,22.877,2286,0.23538998977653877,-0.013998709148318233,0.24938869892485702,0.25,0.07709064226912377,-0.017643171653071096,0.09473381392219486,1.25,0.0008720630409125574,0.008873569826097738,-0.008001506785185158,-0.004547963235723429,-0.0002958758970913848,-0.004252087338632041
brep_human_test-00000-of-00002_00433,0,human,1.25,18.32,14.666875,1465,0.23217698015267244,-0.010826085822571392,0.24300306597524382,0.25,0.08896445538884705,-0.01798392569055057,0.10694838107939762,1.24,-0.002340946582953779,0.012046193151844579,-0.014387139734798354,0.007325849883999855,-0.0006366299345708579,0.00796247981857072
brep_human_test-00000-of-00002_00424,0,human,original,19.92,19.92,1990,0.07679851068784607,-0.04939139049594407,0.12618990118379014,1.1,0.028717222524917575,-0.012376230372832284,0.04109345289774986,1.53,0.0,0.0,0.0,0.0,0.0,0.0
brep_human_test-00000-of-00002_00424,0,human,1.0,19.92,19.9145625,1989,0.08487295447281445,-0.046835174363936846,0.13170812883675131,1.09,0.022588863548678107,-0.012516287788221489,0.03510515133689959,1.53,0.008074443784968383,0.0025562161320072246,0.005518227652961172,-0.006128358976239468,-0.00014005741538920466,-0.00598830156085027
brep_human_test-00000-of-00002_00424,0,human,0.8,19.92,24.8693125,2485,0.07260399707102069,-0.044781198084455784,0.11738519515547648,1.1,0.022387243421075353,-0.012696603900348208,0.03508384732142356,1.53,-0.004194513616825379,0.004610192411488287,-0.008804706028313666,-0.0063299791038422225,-0.00032037352751592384,-0.0060096055763263
brep_human_test-00000-of-00002_00424,0,human,1.25,19.92,15.9384375,1592,0.08205671230362596,-0.05232481528796223,0.1343815275915882,1.09,0.026657444870972925,-0.011224121786186628,0.037881566657159554,1.01,0.005258201615779889,-0.0029334247920181564,0.008191626407798053,-0.0020597776539446506,0.0011521085866456563,-0.0032118862405903087
brep_human_test-00000-of-00002_00412,0,human,original,7.4533125,7.4533125,743,0.2770170368306718,-0.045424495953900815,0.3224415327845726,0.89,0.10034762955755627,-0.029687754488249334,0.1300353840458056,1.03,0.0,0.0,0.0,0.0,0.0,0.0
brep_human_test-00000-of-00002_00412,0,human,1.0,7.4533125,7.4451875,743,0.27503742512121476,-0.056413703165086974,0.33145112828630174,0.9,0.1034212956168679,-0.027594920406188248,0.13101621602305616,1.03,-0.001979611709457041,-0.01098920721118616,0.00900959550172914,0.0030736660593116277,0.0020928340820610854,0.0009808319772505458
brep_human_test-00000-of-00002_00412,0,human,0.8,7.4533125,9.2895,927,0.27958014687913996,-0.03639161178192884,0.3159717586610688,0.89,0.09586586477090453,-0.03037553283892571,0.12624139760983025,1.02,0.0025631100484681535,0.009032884171971976,-0.006469774123503802,-0.004481764786651743,-0.0006877783506763768,-0.003793986435975366
brep_human_test-00000-of-00002_00412,0,human,1.25,7.4533125,5.9750625,596,0.2703050202500343,-0.06959248502204908,0.33989750527208334,1.03,0.1193232582177344,-0.031761960116394705,0.1510852183341291,1.0,-0.006712016580637525,-0.024167989068148266,0.01745597248751074,0.01897562866017813,-0.0020742056281453716,0.021049834288323493
brep_human_test-00000-of-00002_00494,0,human,original,14.22,14.22,1420,0.14561264079075875,-0.028609405086151018,0.17422204587690976,0.25,0.017024631225351874,-0.035003087620474535,0.05202771884582641,1.31,0.0,0.0,0.0,0.0,0.0,0.0
brep_human_test-00000-of-00002_00494,0,human,1.0,14.22,14.213875,1419,0.15165239962685115,-0.03854207487590258,0.19019447450275373,0.25,0.01597859680840726,-0.034517981343654816,0.05049657815206207,1.31,0.006039758836092396,-0.009932669789751564,0.01597242862584397,-0.0010460344169446155,0.00048510627681971896,-0.001531140693764338
brep_human_test-00000-of-00002_00494,0,human,0.8,14.22,17.765375,1775,0.1480893883926797,-0.030722015998417063,0.17881140439109677,0.25,0.02456058209372879,-0.03740219181988971,0.0619627739136185,1.31,0.002476747601920959,-0.002112610912266045,0.004589358514187014,0.007535950868376915,-0.002399104199415178,0.00993505506779209
brep_human_test-00000-of-00002_00494,0,human,1.25,14.22,11.3966875,1138,0.14067927602628516,-0.04189830125104821,0.18257757727733337,0.25,0.01806643527843346,-0.031205852655272957,0.049272287933706416,1.33,-0.004933364764473591,-0.013288896164897191,0.00835553140042361,0.0010418040530815846,0.0037972349652015784,-0.002755430912119994
brep_human_test-00000-of-00002_00487,0,human,original,15.16,15.16,1514,0.23889875217002804,-0.04808905652110393,0.28698780869113194,1.42,0.07526967688885465,-0.009862765067818732,0.08513244195667338,1.26,0.0,0.0,0.0,0.0,0.0,0.0
brep_human_test-00000-of-00002_00487,0,human,1.0,15.16,15.156125,1514,0.24111858897800784,-0.04885785437971084,0.28997644335771866,1.43,0.07147039728453033,-0.010779525822465455,0.08224992310699579,1.26,0.002219836807979797,-0.0007687978586069094,0.0029886346665867203,-0.0037992796043243154,-0.0009167607546467227,-0.0028825188496775928
brep_human_test-00000-of-00002_00487,0,human,0.8,15.16,18.929875,1891,0.2383908288439392,-0.056861351763568095,0.2952521806075073,1.42,0.07342911124973354,-0.006275527662298202,0.07970463891203175,1.27,-0.0005079233260888438,-0.008772295242464166,0.008264371916375357,-0.0018405656391211056,0.0035872374055205304,-0.0054278030446416325
brep_human_test-00000-of-00002_00487,0,human,1.25,15.16,12.1244375,1210,0.252460497771237,-0.055821809505869485,0.3082823072771065,1.42,0.07188431568572158,-0.007802440771669672,0.07968675645739125,1.28,0.013561745601208985,-0.007732752984765556,0.02129449858597454,-0.0033853612031330693,0.0020603242961490607,-0.005445685499282135
brep_human_test-00000-of-00002_00481,0,human,original,8.64,8.64,862,0.203727101795195,-0.021178133798613198,0.22490523559380818,1.18,0.10688114232808901,-0.02525301418022097,0.13213415650830998,0.28,0.0,0.0,0.0,0.0,0.0,0.0
brep_human_test-00000-of-00002_00481,0,human,1.0,8.64,8.6280625,861,0.2146855220993971,-0.018022949929307586,0.23270847202870468,1.18,0.1071933976712196,-0.025506595552936488,0.1326999932241561,0.29,0.010958420304202104,0.0031551838693056125,0.007803236434896499,0.0003122553431305908,-0.0002535813727155174,0.0005658367158461186
brep_human_test-00000-of-00002_00481,0,human,0.8,8.64,10.77825,1076,0.20985758466419258,-0.02755847123428561,0.2374160558984782,1.18,0.11368429458517368,-0.02395432971684075,0.13763862430201443,0.29,0.006130482868997589,-0.006380337435672411,0.012510820304670017,0.006803152257084666,0.001298684463380221,0.005504467793704448
brep_human_test-00000-of-00002_00481,0,human,1.25,8.64,6.919,690,0.17618402152635354,-0.02410401887544669,0.20028804040180023,1.17,0.10109419040460324,-0.01691838371472318,0.11801257411932642,0.29,-0.027543080268841447,-0.0029258850768334906,-0.024617195192007946,-0.0057869519234857725,0.008334630465497792,-0.014121582388983561
brep_human_test-00000-of-00002_00593,0,human,original,12.32,12.32,1230,0.17038725729613238,-0.07986079729157902,0.2502480545877114,0.25,0.049455779382576205,-0.04166535765325048,0.0911211370358267,0.5700000000000001,0.0,0.0,0.0,0.0,0.0,0.0
brep_human_test-00000-of-00002_00593,0,human,1.0,12.32,12.30075,1228,0.16881117548521735,-0.07980371339661288,0.24861488888183023,0.25,0.0552383523823582,-0.04146656022445028,0.09670491260680847,0.5700000000000001,-0.0015760818109150365,5.70838949661423e-05,-0.001633165705881151,0.005782572999781993,0.00019879742880020423,0.005583775570981775
brep_human_test-00000-of-00002_00593,0,human,0.8,12.32,15.371375,1535,0.17541022704480566,-0.08273104199750703,0.2581412690423127,0.25,0.04012380193330816,-0.042144729737545246,0.0822685316708534,0.58,0.005022969748673278,-0.0028702447059280045,0.007893214454601338,-0.009331977449268045,-0.00047937208429476436,-0.008852605364973287
brep_human_test-00000-of-00002_00593,0,human,1.25,12.32,9.8586875,984,0.1893431011643183,-0.09635020890648013,0.28569331007079846,0.25,0.04946149394092246,-0.03961304099109,0.08907453493201245,0.54,0.018955843868185912,-0.01648941161490111,0.03544525548308708,5.714558346255061e-06,0.0020523166621604846,-0.0020466021038142435
brep_human_test-00000-of-00002_00551,0,human,original,19.16,19.16,1914,0.26139489418417994,-0.04854213149344509,0.30993702567762504,0.25,0.05611604121445989,-0.014493115187323574,0.07060915640178347,0.25,0.0,0.0,0.0,0.0,0.0,0.0
brep_human_test-00000-of-00002_00551,0,human,1.0,19.16,19.15475,1913,0.26008844497622063,-0.04951615452766795,0.3096045995038886,0.25,0.05761490790304678,-0.01481340859693144,0.07242831649997822,0.25,-0.0013064492079593037,-0.0009740230342228581,-0.00033242617373646643,0.0014988666885868904,-0.000320293409607866,0.0018191600981947442
brep_human_test-00000-of-00002_00551,0,human,0.8,19.16,23.93425,2391,0.26930354465651896,-0.0514255973553219,0.3207291420118409,0.25,0.05718259276561731,-0.014130162105487653,0.07131275487110496,0.25,0.007908650472339018,-0.0028834658618768078,0.01079211633421584,0.0010665515511574172,0.0003629530818359209,0.0007035984693214842
brep_human_test-00000-of-00002_00551,0,human,1.25,19.16,15.3281875,1531,0.2622350653243441,-0.05056820338528742,0.3128032687096315,0.25,0.05252683252279926,-0.012820745953944754,0.06534757847674401,0.25,0.0008401711401641587,-0.0020260718918423265,0.0028662430320064436,-0.003589208691660635,0.0016723692333788197,-0.005261577925039465
brep_human_test-00000-of-00002_00589,0,human,original,8.36,8.36,834,0.1962020429686164,-0.08193670982269297,0.2781387527913094,0.25,0.015000097111626108,-0.029500974021049467,0.044501071132675575,1.32,0.0,0.0,0.0,0.0,0.0,0.0
brep_human_test-00000-of-00002_00589,0,human,1.0,8.36,8.3465,833,0.19448289080791759,-0.07483411409376725,0.26931700490168486,0.25,0.015706366585732014,-0.02681115792999214,0.04251752451572416,1.32,-0.001719152160698817,0.007102595728925715,-0.008821747889624532,0.0007062694741059063,0.002689816091057326,-0.0019835466169514163
brep_human_test-00000-of-00002_00589,0,human,0.8,8.36,10.426125,1041,0.19476109173889883,-0.07637275788006162,0.2711338496189605,0.25,0.015837780877582683,-0.029567196392329402,0.045404977269912085,0.25,-0.0014409512297175742,0.0055639519426313455,-0.00700490317234892,0.0008376837659565747,-6.622237127993508e-05,0.0009039061372365098
brep_human_test-00000-of-00002_00589,0,human,1.25,8.36,6.687,667,0.199329516096645,-0.07654744374296114,0.27587695983960614,0.25,0.016241794615087665,-0.032372754674067514,0.04861454928915518,1.31,0.0031274731280286072,0.005389266079731822,-0.0022617929517032564,0.001241697503461557,-0.0028717806530180467,0.004113478156479604
brep_human_test-00000-of-00002_00564,0,human,original,20.0,20.0,1998,0.32084261653424856,-0.05726687594917537,0.37810949248342396,0.26,0.12555145948222693,-0.033214466745611966,0.1587659262278389,0.39,0.0,0.0,0.0,0.0,0.0,0.0
brep_human_test-00000-of-00002_00564,0,human,1.0,20.0,19.9960625,1998,0.3200628076409911,-0.058134879460949584,0.3781976871019407,0.26,0.12238531735614268,-0.031805491406317304,0.15419080876246,0.39,-0.0007798088932574609,-0.0008680035117742124,8.819461851672372e-05,-0.003166142126084251,0.0014089753392946616,-0.004575117465378892
brep_human_test-00000-of-00002_00564,0,human,0.8,20.0,24.9783125,2496,0.3335327540109483,-0.061885211154042906,0.39541796516499117,0.27,0.12836612678745543,-0.03512234709822175,0.16348847388567717,0.4,0.012690137476699725,-0.004618335204867534,0.01730847268156721,0.002814667305228502,-0.0019078803526097823,0.0047225476578382775
brep_human_test-00000-of-00002_00564,0,human,1.25,20.0,16.0129375,1599,0.34676080689922784,-0.07183361405416666,0.4185944209533945,0.27,0.13290341113158655,-0.03689724629164848,0.16980065742323502,0.4,0.025918190364979277,-0.01456673810499129,0.04048492846997054,0.007351951649359617,-0.0036827795460365118,0.011034731195396136
brep_human_test-00001-of-00002_00109,0,human,original,12.48,12.48,1246,0.3546437956434187,-0.09760277171455049,0.4522465673579692,1.6,0.1129246932201917,-0.020655582334107705,0.1335802755542994,1.58,0.0,0.0,0.0,0.0,0.0,0.0
brep_human_test-00001-of-00002_00109,0,human,1.0,12.48,12.4749375,1245,0.36136099648183456,-0.10551868119751764,0.46687967767935223,1.59,0.11089286654479544,-0.017813128790089488,0.12870599533488492,1.59,0.006717200838415871,-0.007915909482967151,0.014633110321383036,-0.002031826675396267,0.0028424535440182176,-0.004874280219414495
brep_human_test-00001-of-00002_00109,0,human,0.8,12.48,15.5838125,1556,0.355687353811637,-0.10005667331448648,0.4557440271261235,1.6,0.1072645227339952,-0.016241905284359495,0.1235064280183547,1.58,0.0010435581682183281,-0.0024539015999359842,0.0034974597681542985,-0.005660170486196506,0.00441367704974821,-0.010073847535944716
brep_human_test-00001-of-00002_00109,0,human,1.25,12.48,9.9993125,998,0.3811058093777895,-0.0950092881079774,0.47611509748576686,1.6,0.10622300097704819,-0.019331287993620386,0.1255542889706686,1.58,0.026462013734370793,0.002593483606573091,0.02386853012779766,-0.006701692243143514,0.001324294340487319,-0.008025986583630823
brep_human_test-00001-of-00002_00166,0,human,original,7.08,7.08,706,0.39747647609563724,-0.20656672571151224,0.6040432018071495,0.25,0.09884456488189386,-0.031993179214189586,0.13083774409608345,0.31,0.0,0.0,0.0,0.0,0.0,0.0
brep_human_test-00001-of-00002_00166,0,human,1.0,7.08,7.0750625,706,0.3849233172117696,-0.20598037878208963,0.5909036959938592,0.25,0.09948322014349027,-0.03556899845091124,0.13505221859440153,0.33,-0.012553158883867654,0.0005863469294226098,-0.013139505813290375,0.0006386552615964131,-0.003575819236721657,0.004214474498318077
brep_human_test-00001-of-00002_00166,0,human,0.8,7.08,8.8255,881,0.39026370204320393,-0.2042974630007401,0.594561165043944,0.25,0.09630755069528146,-0.032572920520503104,0.12888047121578455,0.33,-0.007212774052433313,0.0022692627107721575,-0.009482036763205581,-0.0025370141866123963,-0.0005797413063135179,-0.0019572728802988992
brep_human_test-00001-of-00002_00166,0,human,1.25,7.08,5.670875,565,0.41462973680038095,-0.21649717404707655,0.6311269108474575,0.25,0.10630522960732723,-0.03222379702010447,0.13852902662743172,0.31,0.01715326070474371,-0.009930448335564307,0.02708370904030799,0.007460664725433372,-0.00023061780591488584,0.007691282531348265
brep_human_test-00001-of-00002_00113,0,human,original,8.64,8.64,862,0.28389396998406285,-0.110843918980021,0.39473788896408385,2.0,0.09360834065672967,-0.05146926875779716,0.14507760941452683,2.0,0.0,0.0,0.0,0.0,0.0,0.0
brep_human_test-00001-of-00002_00113,0,human,1.0,8.64,8.6335625,861,0.2742447534231922,-0.11395762741856272,0.38820238084175496,2.0,0.08840323418177275,-0.04591190697729712,0.13431514115906987,1.3900000000000001,-0.009649216560870644,-0.0031137084385417235,-0.0065355081223288924,-0.005205106474956922,0.005557361780500036,-0.010762468255456958
brep_human_test-00001-of-00002_00113,0,human,0.8,8.64,10.7706875,1075,0.2834587574107593,-0.11426431250734975,0.3977230699181091,2.0,0.08499028984961698,-0.047594598084210245,0.13258488793382722,1.3900000000000001,-0.0004352125733035339,-0.003420393527328758,0.002985180954025224,-0.008618050807112684,0.003874670673586912,-0.012492721480699603
brep_human_test-00001-of-00002_00113,0,human,1.25,8.64,6.9334375,691,0.301145784056081,-0.11636164082354515,0.41750742487962617,2.0,0.09333193810254417,-0.05152589306086111,0.14485783116340528,2.0,0.017251814072018146,-0.0055177218435241565,0.022769535915542316,-0.0002764025541854981,-5.662430306395405e-05,-0.00021977825112154403
brep_human_test-00001-of-00002_00194,0,human,original,15.08,15.08,1506,0.4043893974748785,-0.10411045951959122,0.5084998569944698,0.25,0.0685163131080642,-0.021831915003974845,0.09034822811203905,0.25,0.0,0.0,0.0,0.0,0.0,0.0
brep_human_test-00001-of-00002_00194,0,human,1.0,15.08,15.077,1506,0.4063978045748991,-0.10236330398857113,0.5087611085634702,0.25,0.06935150112538427,-0.022357971427379126,0.09170947255276339,0.25,0.0020084071000205928,0.0017471555310200892,0.00026125156900047575,0.0008351880173200626,-0.0005260564234042808,0.0013612444407243435
brep_human_test-00001-of-00002_00194,0,human,0.8,15.08,18.831875,1881,0.4103246085117057,-0.11067323853027708,0.5209978470419828,0.25,0.08537518439139426,-0.022882062457332368,0.10825724684872662,0.25,0.005935211036827204,-0.00656277901068586,0.012497990047513063,0.01685887128333005,-0.001050147453357523,0.01790901873668757
brep_human_test-00001-of-00002_00194,0,human,1.25,15.08,12.0673125,1205,0.4359411450088034,-0.10325876588327612,0.5391999108920795,0.25,0.06807639943130142,-0.023715854831911187,0.09179225426321261,0.25,0.03155174753392487,0.0008516936363150984,0.03070005389760977,-0.0004399136767627848,-0.0018839398279363422,0.0014440261511735608
brep_human_test-00001-of-00002_00167,0,human,original,8.08,8.08,806,0.4056726687251918,-0.2718445014434124,0.6775171701686042,0.25,0.10056443552232827,-0.058719063804146404,0.15928349932647468,0.25,0.0,0.0,0.0,0.0,0.0,0.0
brep_human_test-00001-of-00002_00167,0,human,1.0,8.08,8.0734375,805,0.4076400472071724,-0.2725129490049517,0.6801529962121241,0.25,0.1013975262585485,-0.056752170349489144,0.15814969660803765,0.25,0.001967378481980586,-0.0006684475615393315,0.002635826043519862,0.0008330907362202322,0.0019668934546572606,-0.0011338027184370214
brep_human_test-00001-of-00002_00167,0,human,0.8,8.08,10.081,1006,0.41193934325281195,-0.273785272972469,0.685724616225281,0.25,0.10437371516571411,-0.06355118288806073,0.16792489805377486,0.25,0.006266674527620142,-0.0019407715290566396,0.008207446056676782,0.0038092796433858434,-0.00483211908391433,0.008641398727300187
brep_human_test-00001-of-00002_00167,0,human,1.25,8.08,6.4763125,646,0.4211423764252109,-0.2741596508108728,0.6953020272360837,0.25,0.10628504247619697,-0.06183755456474044,0.1681225970409374,0.25,0.015469707700019097,-0.0023151493674604118,0.017784857067479454,0.0057206069538686954,-0.0031184907605940337,0.00883909771446273
brep_human_test-00001-of-00002_00131,0,human,original,6.48,6.48,646,0.27878020092253747,-0.09903640667307356,0.37781660759561103,1.71,0.10756080028949928,0.0021695179136796126,0.10539128237581967,0.28,0.0,0.0,0.0,0.0,0.0,0.0
brep_human_test-00001-of-00002_00131,0,human,1.0,6.48,6.475375,646,0.2876688153950708,-0.12508742307448156,0.41275623846955234,1.71,0.10944552553211295,0.00048531546412094756,0.108960210067992,0.28,0.008888614472533307,-0.026051016401408,0.03493963087394131,0.001884725242613669,-0.0016842024495586651,0.003568927692172333
brep_human_test-00001-of-00002_00131,0,human,0.8,6.48,8.0860625,807,0.2789678929565329,-0.10594734993239083,0.38491524288892376,1.7,0.1179376307016519,0.0026335035013821716,0.11530412720026974,0.28,0.00018769203399543466,-0.006910943259317265,0.007098635293312727,0.010376830412152621,0.000463985587702559,0.009912844824450068
brep_human_test-00001-of-00002_00131,0,human,1.25,6.48,5.2014375,518,0.2850149786399257,-0.1104056364434988,0.3954206150834245,0.25,0.10731943812008586,0.0013884554968820414,0.10593098262320381,0.27,0.006234777717388229,-0.011369229770425232,0.01760400748781349,-0.0002413621694134227,-0.0007810624167975712,0.000539700247384145
brep_human_test-00001-of-00002_00137,0,human,original,9.56,9.56,954,0.4658142996554332,-0.2020207765401333,0.6678350761955665,0.25,0.08574996254900046,-0.05475746077779906,0.14050742332679952,0.58,0.0,0.0,0.0,0.0,0.0,0.0
brep_human_test-00001-of-00002_00137,0,human,1.0,9.56,9.5510625,953,0.46205262744188713,-0.19553537244653463,0.6575879998884218,0.25,0.0812289037922385,-0.056072595912684,0.1373014997049225,0.58,-0.0037616722135460634,0.0064854040935986845,-0.01024707630714472,-0.004521058756761953,-0.0013151351348849386,-0.0032059236218770215
brep_human_test-00001-of-00002_00137,0,human,0.8,9.56,11.9228125,1190,0.462719222837622,-0.19898768223195218,0.6617069050695742,0.25,0.08070978853292636,-0.05078043625313756,0.13149022478606393,0.25,-0.003095076817811182,0.0030330943081811335,-0.006128171125992288,-0.005040174016074095,0.003977024524661504,-0.0090171985407356
brep_human_test-00001-of-00002_00137,0,human,1.25,9.56,7.6505625,763,0.47507328532365806,-0.20030570460947272,0.6753789899331308,0.25,0.08168786069781364,-0.05698968454315644,0.1386775452409701,0.5700000000000001,0.009258985668224862,0.0017150719306605888,0.007543913737564356,-0.004062101851186814,-0.00223222376535738,-0.001829878085829434
brep_human_test-00001-of-00002_00139,0,human,original,11.44,11.44,1142,0.38728068079353595,-0.18284723023095173,0.5701279110244877,0.25,0.07538588208636478,-0.03505658621510236,0.11044246830146714,0.25,0.0,0.0,0.0,0.0,0.0,0.0
brep_human_test-00001-of-00002_00139,0,human,1.0,11.44,11.4305625,1141,0.38975808878794227,-0.1819846700641168,0.571742758852059,0.25,0.07404457080421853,-0.036308474303939006,0.11035304510815754,0.25,0.002477407994406322,0.0008625601668349192,0.0016148478275713751,-0.0013413112821462486,-0.001251888088836646,-8.942319330960957e-05
brep_human_test-00001-of-00002_00139,0,human,0.8,11.44,14.289125,1427,0.388875761051708,-0.1841052050778185,0.5729809661295265,0.25,0.08332015639525318,-0.04000134733697055,0.12332150373222373,0.25,0.0015950802581720658,-0.0012579748468667662,0.0028530551050388597,0.007934274308888406,-0.004944761121868188,0.01287903543075658
brep_human_test-00001-of-00002_00139,0,human,1.25,11.44,9.1744375,915,0.4125738234938749,-0.18624075346434382,0.5988145769582187,0.25,0.08125219990050613,-0.03302230127523542,0.11427450117574155,0.25,0.025293142700338944,-0.003393523233392093,0.028686665933731037,0.0058663178141413475,0.0020342849398669385,0.003832032874274402
brep_human_test-00001-of-00002_00187,0,human,original,9.2,9.2,918,0.37385813190007716,0.004620996762399068,0.3692371351376781,0.25,0.11176601342438468,-0.011597618023793495,0.12336363144817818,0.25,0.0,0.0,0.0,0.0,0.0,0.0
brep_human_test-00001-of-00002_00187,0,human,1.0,9.2,9.194625,917,0.3766291180357407,0.01374538176319543,0.3628837362725452,0.25,0.1154270168695934,-0.010401593393963942,0.12582861026355735,0.25,0.0027709861356635113,0.009124385000796362,-0.006353398865132864,0.003661003445208727,0.0011960246298295535,0.0024649788153791735
brep_human_test-00001-of-00002_00187,0,human,0.8,9.2,11.4779375,1146,0.39663360190176156,0.0032033322728241575,0.3934302696289374,0.25,0.12365008577935668,-0.007499415004249577,0.13114950078360627,0.25,0.022775470001684395,-0.0014176644895749105,0.024193134491259316,0.011884072354972006,0.0040982030195439185,0.007785869335428089
brep_human_test-00001-of-00002_00187,0,human,1.25,9.2,7.338875,732,0.38544414176844827,0.017833451758439447,0.36761069001000884,0.25,0.09294592515601328,-0.00929440480736398,0.10224032996337726,0.25,0.011586009868371105,0.013212454996040379,-0.0016264451276692404,-0.018820088268371393,0.002303213216429515,-0.02112330148480092
brep_human_test-00001-of-00002_00188,0,human,original,6.56,6.56,654,0.3917882253440462,-0.12427674914915846,0.5160649744932047,0.25,0.062479319921528234,-0.05646269154261305,0.11894201146414128,0.25,0.0,0.0,0.0,0.0,0.0,0.0
brep_human_test-00001-of-00002_00188,0,human,1.0,6.56,6.554375,653,0.39370187734811646,-0.11806352092046205,0.5117653982685785,0.25,0.06369537125479255,-0.0543384689628173,0.11803384021760985,0.25,0.001913652004070232,0.00621322822869641,-0.004299576224626178,0.0012160513332643147,0.002124222579795748,-0.0009081712465314334
brep_human_test-00001-of-00002_00188,0,human,0.8,6.56,8.1706875,815,0.38750350626246816,-0.125300629957184,0.5128041362196522,0.25,0.06550891431359492,-0.06021818743636423,0.12572710174995916,0.25,-0.00428471908157807,-0.0010238808080255402,-0.003260838273552502,0.0030295943920666812,-0.0037554958937511818,0.006785090285817877
brep_human_test-00001-of-00002_00188,0,human,1.25,6.56,5.266125,525,0.4021746625428571,-0.13282612376965053,0.5350007863125077,0.25,0.0645827181268642,-0.054307675462485404,0.11889039358934961,0.25,0.010386437198810883,-0.008549374620492073,0.01893581181930304,0.002103398205335963,0.0021550160801276433,-5.161787479167346e-05
brep_human_test-00001-of-00002_00101,0,human,original,10.32,10.32,1030,0.42916138055822045,-0.16991045021627524,0.5990718307744957,0.25,0.16889685288982587,-0.09263107168806314,0.261527924577889,0.25,0.0,0.0,0.0,0.0,0.0,0.0
brep_human_test-00001-of-00002_00101,0,human,1.0,10.32,10.3165,1030,0.4530793908444815,-0.1720326563557576,0.6251120472002392,0.25,0.17109391436730442,-0.09542782127248385,0.26652173563978826,0.25,0.02391801028626106,-0.0021222061394823577,0.0260402164257435,0.002197061477478557,-0.0027967495844207074,0.004993811061899278
brep_human_test-00001-of-00002_00101,0,human,0.8,10.32,12.8829375,1286,0.44125414521365464,-0.16605320506577237,0.6073073502794271,0.25,0.17306130833536698,-0.09479873308620931,0.26786004142157627,0.25,0.012092764655434185,0.0038572451505028693,0.008235519504931399,0.004164455445541115,-0.00216766139814617,0.0063321168436872854
brep_human_test-00001-of-00002_00101,0,human,1.25,10.32,8.2685625,825,0.46298718793350113,-0.17061268513397293,0.6335998730674741,0.25,0.1670281465575057,-0.09442003145637913,0.2614481780138848,0.25,0.03382580737528068,-0.0007022349176976916,0.034528042292978456,-0.0018687063323201691,-0.001788959768315987,-7.974656400416835e-05
brep_human_test-00001-of-00002_00191,0,human,original,18.2,18.2,1818,0.3919112554496328,0.011900567064090354,0.3800106883855424,0.25,0.0855447962197658,0.0025591476900579152,0.08298564852970788,0.25,0.0,0.0,0.0,0.0,0.0,0.0
brep_human_test-00001-of-00002_00191,0,human,1.0,18.2,18.192375,1817,0.3901056268167718,0.013529149865386628,0.3765764769513852,0.25,0.08555626698063752,0.0036252998879384365,0.08193096709269909,0.25,-0.0018056286328609894,0.001628582801296274,-0.0034342114341572305,1.1470760871726271e-05,0.0010661521978805213,-0.001054681437008792
brep_human_test-00001-of-00002_00191,0,human,0.8,18.2,22.713875,2269,0.39776319262934723,0.013009399881060668,0.3847537927482866,0.25,0.09507518210569384,0.006671653989946661,0.08840352811574717,0.25,0.005851937179714439,0.0011088328169703149,0.004743104362744166,0.009530385885928042,0.004112506299888746,0.005417879586039287
brep_human_test-00001-of-00002_00191,0,human,1.25,18.2,14.5639375,1454,0.4054219985848308,0.017705223415245268,0.3877167751695855,0.25,0.08328796159946265,0.003278207504846261,0.08000975409461639,0.25,0.013510743135198011,0.005804656351154914,0.007706086784043109,-0.0022568346203031414,0.0007190598147883459,-0.0029758944350914973
brep_human_test-00001-of-00002_00576,0,human,original,13.2,13.2,1318,0.34216095111847633,0.009812150504053747,0.33234880061442257,0.27,0.1330003895677638,0.003592793227423726,0.12940759634034008,0.28,0.0,0.0,0.0,0.0,0.0,0.0
brep_human_test-00001-of-00002_00576,0,human,1.0,13.2,13.19325,1317,0.3524072603600973,0.013752269088441457,0.3386549912716558,0.25,0.12996762842671028,0.004909272154896837,0.12505835627181344,0.29,0.010246309241620954,0.0039401185843877095,0.006306190657233257,-0.003032761141053525,0.0013164789274731107,-0.004349240068526633
brep_human_test-00001-of-00002_00576,0,human,0.8,13.2,16.4776875,1646,0.3386452712975565,0.009658177562190333,0.32898709373536617,0.28,0.14105144595029515,0.0010238718796985293,0.14002757407059663,0.28,-0.003515679820919826,-0.00015397294186341413,-0.003361706879056403,0.00805105638253134,-0.0025689213477251968,0.010619977730256552
brep_human_test-00001-of-00002_00576,0,human,1.25,13.2,10.5590625,1054,0.3870068039532227,0.003560926387049181,0.3834458775661735,0.25,0.12758525237461305,0.004464009543079445,0.1231212428315336,0.29,0.04484585283474635,-0.006251224117004565,0.05109707695175092,-0.00541513719315076,0.0008712163156557188,-0.006286353508806478
brep_human_test-00001-of-00002_00591,0,human,original,16.0799375,16.0799375,1606,0.4099165018119982,-0.1334906789653455,0.5434071807773437,0.25,0.09275535597852937,0.019425122238392427,0.07333023374013695,0.68,0.0,0.0,0.0,0.0,0.0,0.0
brep_human_test-00001-of-00002_00591,0,human,1.0,16.0799375,16.0705,1605,0.4145665060998941,-0.1298570913779511,0.5444235974778452,0.25,0.09492211948900303,0.01937183285331128,0.07555028663569174,0.68,0.004650004287895915,0.0036335875873944046,0.0010164167005014546,0.0021667635104736654,-5.328938508114556e-05,0.002220052895554797
brep_human_test-00001-of-00002_00591,0,human,0.8,16.0799375,20.0850625,2007,0.41641196041923334,-0.13353435413303158,0.549946314552265,0.25,0.09099826628530058,0.01749907013244271,0.07349919615285787,0.68,0.0064954586072351606,-4.367516768608026e-05,0.006539133774921213,-0.0017570896932287833,-0.0019260521059497153,0.0001689624127209216
brep_human_test-00001-of-00002_00591,0,human,1.25,16.0799375,12.8646875,1284,0.4187415471952193,-0.14204346431927334,0.5607850115144926,0.25,0.08828110132812306,0.01859019390569963,0.06969090742242343,0.68,0.008825045383221097,-0.008552785353927839,0.017377830737148825,-0.004474254650406309,-0.0008349283326927956,-0.0036393263177135204
brep_human_test-00001-of-00002_00582,0,human,original,12.2900625,12.2900625,1227,0.19233842826295197,-0.024893198668030025,0.217231626930982,0.25,0.048472143757262685,-0.016236796465727385,0.06470894022299006,0.65,0.0,0.0,0.0,0.0,0.0,0.0
brep_human_test-00001-of-00002_00582,0,human,1.0,12.2900625,12.2835625,1226,0.1970110771540313,-0.02404525258154712,0.22105632973557843,0.25,0.046541040110988995,-0.01597220487213666,0.06251324498312566,0.66,0.004672648891079323,0.0008479460864829064,0.0038247028045964304,-0.0019311036462736908,0.0002645915935907267,-0.0021956952398644036
brep_human_test-00001-of-00002_00582,0,human,0.8,12.2900625,15.334375,1531,0.18301651068923713,-0.022663962244924417,0.20568047293416156,0.25,0.043278254703398925,-0.015064540228021298,0.05834279493142022,0.65,-0.009321917573714839,0.0022292364231056086,-0.01155115399682044,-0.005193889053863761,0.0011722562377060874,-0.006366145291569841
brep_human_test-00001-of-00002_00582,0,human,1.25,12.2900625,9.83425,981,0.21184857519062994,-0.03571895441319052,0.24756752960382045,0.25,0.042004096269873586,-0.013809007974607851,0.05581310424448144,1.32,0.019510146927677968,-0.010825755745160495,0.03033590267283845,-0.006468047487389099,0.002427788491119534,-0.008895835978508626
brep_human_test-00001-of-00002_00572,0,human,original,19.32,19.32,1930,0.5229466425696261,-0.12086434754527638,0.6438109901149025,0.25,0.10906198100483146,-0.034787549522811954,0.1438495305276434,0.27,0.0,0.0,0.0,0.0,0.0,0.0
brep_human_test-00001-of-00002_00572,0,human,1.0,19.32,19.3169375,1930,0.5246225883854553,-0.12485241251470597,0.6494750009001613,0.25,0.10940201384538392,-0.03530736119145848,0.1447093750368424,0.27,0.001675945815829194,-0.003988064969429592,0.0056640107852587995,0.00034003284055246497,-0.000519811668646529,0.000859844509198987
brep_human_test-00001-of-00002_00572,0,human,0.8,19.32,24.132125,2411,0.5279059020996237,-0.1197564567451315,0.6476623588447552,0.25,0.11074610139059353,-0.0366254478807644,0.14737154927135793,0.28,0.0049592595299976505,0.0011078908001448812,0.0038513687298527,0.0016841203857620723,-0.001837898357952443,0.0035220187437145223
brep_human_test-00001-of-00002_00572,0,human,1.25,19.32,15.47,1545,0.5497771095261463,-0.1340610235399337,0.6838381330660801,0.25,0.11539424108980702,-0.03767535513683126,0.1530695962266383,0.28,0.02683046695652025,-0.013196675994657334,0.0400271429511776,0.006332260084975561,-0.002887805614019308,0.00922006569899489
brep_human_test-00001-of-00002_00500,0,human,original,10.27,10.27,1025,0.19880734616155285,-0.04465549221544161,0.24346283837699445,1.03,0.091748234635338,-0.024578937875440625,0.11632717251077862,0.96,0.0,0.0,0.0,0.0,0.0,0.0
brep_human_test-00001-of-00002_00500,0,human,1.0,10.27,10.26275,1024,0.18774394772929764,-0.037257139136218996,0.22500108686551665,1.02,0.09180099810324244,-0.025868828619105555,0.11766982672234799,0.96,-0.011063398432255206,0.007398353079222611,-0.018461751511477803,5.276346790443476e-05,-0.0012898907436649301,0.0013426542115693718
brep_human_test-00001-of-00002_00500,0,human,0.8,10.27,12.8054375,1279,0.19376815653079163,-0.04339900083465294,0.23716715736544458,1.03,0.0888013480129461,-0.026744810242834437,0.11554615825578055,0.96,-0.0050391896307612205,0.00125649138078867,-0.00629568101154987,-0.0029468866223918977,-0.0021658723673938125,-0.0007810142549980748
brep_human_test-00001-of-00002_00500,0,human,1.25,10.27,8.21175,819,0.17046004071104376,-0.03855204189856518,0.20901208260960893,0.92,0.08566087103194364,-0.025756836953277806,0.11141770798522145,0.96,-0.02834730545050909,0.006103450316876424,-0.034450755767385516,-0.006087363603394361,-0.0011778990778371808,-0.0049094645255571695
brep_human_test-00001-of-00002_00507,0,human,original,13.32,13.32,1330,0.09553033463464636,-0.019353696057355558,0.11488403069200191,1.3800000000000001,0.09920922796181407,-0.0050074251021524335,0.1042166530639665,1.92,0.0,0.0,0.0,0.0,0.0,0.0
brep_human_test-00001-of-00002_00507,0,human,1.0,13.32,13.314,1329,0.09847318444633932,-0.014024189887240246,0.11249737433357956,1.3800000000000001,0.09998774143657221,-0.002792916667341954,0.10278065810391417,1.9100000000000001,0.0029428498116929602,0.005329506170115312,-0.0023866563584223482,0.000778513474758144,0.0022145084348104793,-0.0014359949600523392
brep_human_test-00001-of-00002_00507,0,human,0.8,13.32,16.636625,1662,0.09244875063504564,-0.01309976126690076,0.10554851190194639,1.37,0.08600051999453855,-0.0033235216410907736,0.08932404163562932,1.92,-0.0030815839996007205,0.006253934790454798,-0.009335518790055522,-0.013208707967275524,0.0016839034610616598,-0.014892611428337185
brep_human_test-00001-of-00002_00507,0,human,1.25,13.32,10.6670625,1065,0.10765567381280808,-0.025667748856827793,0.13332342266963587,1.1400000000000001,0.10160535270280063,0.003565660818586528,0.0980396918842141,1.9100000000000001,0.01212533917816172,-0.0063140527994722355,0.01843939197763396,0.0023961247409865633,0.008573085920738962,-0.006176961179752402
brep_human_test-00001-of-00002_00525,0,human,original,8.32,8.32,830,0.15629557741652028,-0.008157495325834062,0.16445307274235435,1.94,0.12977197805357094,-0.01928663334225597,0.1490586113958269,1.03,0.0,0.0,0.0,0.0,0.0,0.0
brep_human_test-00001-of-00002_00525,0,human,1.0,8.32,8.31225,829,0.16527503640988694,-0.0024396003412688306,0.16771463675115578,1.94,0.12884322479652943,-0.014271910251125114,0.14311513504765455,1.03,0.008979458993366662,0.005717894984565231,0.0032615640088014264,-0.0009287532570415036,0.005014723091130857,-0.005943476348172355
brep_human_test-00001-of-00002_00525,0,human,0.8,8.32,10.3621875,1034,0.13964497096104897,-0.002265398047902211,0.14191036900895118,1.94,0.1270617366619745,-0.014433048937870572,0.14149478559984507,1.03,-0.016650606455471312,0.005892097277931851,-0.02254270373340317,-0.002710241391596424,0.0048535844043853995,-0.007563825795981832
brep_human_test-00001-of-00002_00525,0,human,1.25,8.32,6.649125,663,0.18419430197112485,-0.013991289664023559,0.1981855916351484,1.96,0.11802655991830008,-0.021106267047593334,0.1391328269658934,1.02,0.02789872455460457,-0.005833794338189497,0.03373251889279405,-0.011745418135270858,-0.0018196337053373625,-0.009925784429933499
brep_human_test-00001-of-00002_00532,0,human,original,7.08,7.08,706,0.14616018159319608,-0.0336384161855823,0.17979859777877838,0.98,0.07393829941077282,-0.0070961197089187385,0.08103441911969156,0.48,0.0,0.0,0.0,0.0,0.0,0.0
brep_human_test-00001-of-00002_00532,0,human,1.0,7.08,7.06775,705,0.12933928948060597,-0.03049546845457797,0.15983475793518392,0.98,0.06699055145757674,-0.008540275051879473,0.07553082650945621,0.59,-0.016820892112590108,0.0031429477310043266,-0.019963839843594455,-0.006947747953196082,-0.0014441553429607344,-0.00550359261023535
brep_human_test-00001-of-00002_00532,0,human,0.8,7.08,8.8271875,881,0.145720681181678,-0.026002635850196472,0.17172331703187446,0.98,0.07519563209554125,-0.0021658823305395545,0.0773615144260808,0.59,-0.00043950041151807895,0.007635780335385825,-0.008075280746903918,0.0012573326847684363,0.004930237378379184,-0.0036729046936107568
brep_human_test-00001-of-00002_00532,0,human,1.25,7.08,5.652375,563,0.16998085262773388,-0.012903834767678328,0.18288468739541222,0.97,0.06350083799730695,-0.01649251221833972,0.07999335021564667,0.93,0.023820671034537805,0.02073458141790397,0.0030860896166338414,-0.010437461413465868,-0.009396392509420981,-0.0010410689040448867
brep_f5tts_test-00000-of-00007_00376,1,f5tts,original,18.738,18.738,1872,0.3350454711304688,-0.1394159272389457,0.4744613983694145,0.25,0.08187550281533996,-0.0051613724871036465,0.08703687530244361,0.25,0.0,0.0,0.0,0.0,0.0,0.0
brep_f5tts_test-00000-of-00007_00376,1,f5tts,1.0,18.738,18.7354375,1872,0.3327684122925728,-0.13797307503122264,0.47074148732379545,0.25,0.08213677473741965,0.00024148633557622063,0.08189528840184343,0.25,-0.0022770588378959733,0.0014428522077230554,-0.0037199110456190287,0.00026127192207968386,0.005402858822679867,-0.005141586900600181
brep_f5tts_test-00000-of-00007_00376,1,f5tts,0.8,18.738,23.399625,2338,0.33547660777906874,-0.14194521473038507,0.4774218225094538,0.25,0.08782798526050342,-0.006409805523722292,0.09423779078422571,0.25,0.00043113664859995016,-0.0025292874914393804,0.0029604241400393305,0.005952482445163457,-0.0012484330366186458,0.0072009154817821025
brep_f5tts_test-00000-of-00007_00376,1,f5tts,1.25,18.738,15.01,1499,0.3522822889318505,-0.13547511171203058,0.48775740064388107,0.25,0.08342525356995022,-0.0005758606365571606,0.08400111420650738,0.27,0.0172368178013817,0.003940815526915109,0.01329600227446659,0.0015497507546102518,0.004585511850546486,-0.003035761095936229
brep_f5tts_test-00000-of-00007_00360,1,f5tts,original,11.6586875,11.6586875,1164,0.3692207481829757,-0.09852410911187451,0.46774485729485016,0.25,0.05487306468092535,-0.006226441066346407,0.06109950574727176,0.25,0.0,0.0,0.0,0.0,0.0,0.0
brep_f5tts_test-00000-of-00007_00360,1,f5tts,1.0,11.6586875,11.6460625,1163,0.37378966709346656,-0.10111679864601955,0.47490646573948614,0.25,0.0572093800212423,-0.003412098139422625,0.06062147816066492,0.25,0.004568918910490882,-0.002592689534145043,0.007161608444635981,0.0023363153403169468,0.0028143429269237817,-0.0004780275866068384
brep_f5tts_test-00000-of-00007_00360,1,f5tts,0.8,11.6586875,14.542375,1452,0.3794966077253819,-0.09749093408947705,0.476987541814859,0.25,0.050727595437951606,0.0013270677010839014,0.049400527736867705,0.25,0.01027585954240623,0.0010331750223974562,0.009242684520008815,-0.004145469242973744,0.007553508767430308,-0.011698978010404051
brep_f5tts_test-00000-of-00007_00360,1,f5tts,1.25,11.6586875,9.3424375,932,0.3732806633110055,-0.1066738937951649,0.4799545571061704,0.25,0.061200834689575656,-0.006826961354786239,0.06802779604436189,0.25,0.004059915128029834,-0.00814978468329039,0.012209699811320252,0.006327770008650306,-0.0006005202884398321,0.006928290297090134
brep_f5tts_test-00000-of-00007_00307,1,f5tts,original,10.517375,10.517375,1050,0.3323954139270791,-0.10798538547332616,0.44038079940040525,0.25,0.08987062138684668,-0.014943131004622526,0.1048137523914692,2.0,0.0,0.0,0.0,0.0,0.0,0.0
brep_f5tts_test-00000-of-00007_00307,1,f5tts,1.0,10.517375,10.5133125,1049,0.3329377356207161,-0.10979201739107519,0.4427297530117913,0.25,0.09022613325869189,-0.017829264789862805,0.10805539804855468,2.0,0.0005423216936369935,-0.0018066319177490325,0.00234895361138604,0.00035551187184520994,-0.002886133785240278,0.0032416456570854846
brep_f5tts_test-00000-of-00007_00307,1,f5tts,0.8,10.517375,13.118375,1310,0.3391218924336766,-0.11131959942522632,0.4504414918589029,0.25,0.08715906314046004,-0.01817491503205476,0.1053339781725148,2.0,0.006726478506597466,-0.0033342139519001585,0.010060692458497666,-0.002711558246386636,-0.003231784027432235,0.0005202257810456024
brep_f5tts_test-00000-of-00007_00307,1,f5tts,1.25,10.517375,8.438,842,0.34857135132203343,-0.12374318141279625,0.4723145327348297,0.25,0.08467385321139992,-0.018985281345834958,0.10365913455723488,2.0,0.01617593739495432,-0.01575779593947009,0.03193373333442445,-0.005196768175446759,-0.004042150341212431,-0.0011546178342343172
brep_f5tts_test-00000-of-00007_00371,1,f5tts,original,12.2346875,12.2346875,1221,0.45193740669357996,-0.15195891158982974,0.6038963182834097,0.25,0.1481507063639668,0.005946656473974043,0.14220404988999275,0.25,0.0,0.0,0.0,0.0,0.0,0.0
brep_f5tts_test-00000-of-00007_00371,1,f5tts,1.0,12.2346875,12.2271875,1221,0.45366128970441655,-0.1537148409070691,0.6073761306114857,0.25,0.14238221914197113,0.007654136677420232,0.1347280824645509,0.25,0.001723883010836591,-0.001755929317239363,0.0034798123280759263,-0.005768487221995661,0.0017074802034461887,-0.0074759674254418484
brep_f5tts_test-00000-of-00007_00371,1,f5tts,0.8,12.2346875,15.2743125,1525,0.44984348571964716,-0.14926831636282792,0.599111802082475,0.25,0.15043774724606626,0.0037610737534170724,0.14667667349264918,0.25,-0.0020939209739327946,0.002690595227001824,-0.004784516200934674,0.002287040882099467,-0.0021855827205569706,0.004472623602656434
brep_f5tts_test-00000-of-00007_00371,1,f5tts,1.25,12.2346875,9.792,977,0.4716054392105414,-0.1571231479030934,0.6287285871136348,0.25,0.1476272847173229,0.006922492770258419,0.14070479194706448,0.25,0.01966803251696142,-0.005164236313263654,0.024832268830225046,-0.0005234216466439012,0.0009758362962843763,-0.001499257942928267
brep_f5tts_test-00000-of-00007_00313,1,f5tts,original,12.352,12.352,1233,0.27004902551045334,-0.04378265246221576,0.3138316779726691,0.25,0.1319489308197524,-0.01820557262413522,0.15015450344388762,0.25,0.0,0.0,0.0,0.0,0.0,0.0
brep_f5tts_test-00000-of-00007_00313,1,f5tts,1.0,12.352,12.3424375,1232,0.26272489581880026,-0.04847590390163884,0.3112007997204391,0.25,0.13331227624880737,-0.016751569184128533,0.1500638454329359,0.26,-0.007324129691653081,-0.004693251439423084,-0.0026308782522299623,0.001363345429054974,0.0014540034400066862,-9.065801095170523e-05
brep_f5tts_test-00000-of-00007_00313,1,f5tts,0.8,12.352,15.4285625,1541,0.27555721204831907,-0.04800857198246558,0.3235657840307846,0.25,0.12429158762919897,-0.019309767278462557,0.14360135490766152,0.25,0.005508186537865722,-0.004225919520249824,0.009734106058115533,-0.007657343190553431,-0.0011041946543273382,-0.0065531485362261
brep_f5tts_test-00000-of-00007_00313,1,f5tts,1.25,12.352,9.895375,988,0.27885785244062344,-0.05871193339588154,0.337569785836505,0.25,0.1341785444142013,-0.020660799663915548,0.15483934407811684,0.26,0.0088088269301701,-0.01492928093366578,0.0237381078638359,0.002229613594448898,-0.002455227039780329,0.00468484063422922
brep_f5tts_test-00000-of-00007_00337,1,f5tts,original,18.5346875,18.5346875,1851,0.21187851235363478,-0.03518033819891181,0.2470588505525466,0.25,0.08217029922521761,0.0018727160588540642,0.08029758316636354,0.25,0.0,0.0,0.0,0.0,0.0,0.0
brep_f5tts_test-00000-of-00007_00337,1,f5tts,1.0,18.5346875,18.521625,1850,0.2126062837705654,-0.03735301296623949,0.2499592967368049,0.25,0.07835779905429356,0.0014422175488122628,0.07691558150548129,0.25,0.0007277714169306171,-0.00217267476732768,0.002900446184258304,-0.003812500170924049,-0.0004304985100418014,-0.0033820016608822473
brep_f5tts_test-00000-of-00007_00337,1,f5tts,0.8,18.5346875,23.1455,2313,0.2119372160460415,-0.039536522130880165,0.25147373817692165,0.25,0.08667680665763146,0.00035115162327558236,0.08632565503435588,0.25,5.8703692406708585e-05,-0.004356183931968356,0.004414887624375058,0.004506507432413848,-0.0015215644355784817,0.006028071867992341
brep_f5tts_test-00000-of-00007_00337,1,f5tts,1.25,18.5346875,14.816,1480,0.23812046134348822,-0.04153915741042388,0.2796596187539121,0.25,0.0838777340947304,0.003970847993950926,0.07990688610077948,0.25,0.026241948989853436,-0.006358819211512073,0.03260076820136551,0.0017074348695127889,0.0020981319350968624,-0.00039069706558406136
brep_f5tts_test-00000-of-00007_00326,1,f5tts,original,10.1226875,10.1226875,1010,0.2262739862598284,-0.0177898247737657,0.2440638110335941,1.19,0.07680348803898854,0.007957494338647288,0.06884599370034125,1.51,0.0,0.0,0.0,0.0,0.0,0.0
brep_f5tts_test-00000-of-00007_00326,1,f5tts,1.0,10.1226875,10.1185625,1010,0.22444627768457584,-0.018723343333078145,0.243169621017654,1.18,0.07422173508444874,0.004523328951306006,0.06969840613314274,1.51,-0.0018277085752525513,-0.0009335185593124448,-0.0008941900159400995,-0.002581752954539801,-0.0034341653873412818,0.0008524124328014859
brep_f5tts_test-00000-of-00007_00326,1,f5tts,0.8,10.1226875,12.6215625,1260,0.22181315155628045,-0.018229025732682043,0.2400421772889625,1.19,0.07423013649888781,0.009711872024011737,0.06451826447487607,1.5,-0.004460834703547939,-0.00043920095891634287,-0.004021633744631603,-0.0025733515401007295,0.001754377685364449,-0.004327729225465177
brep_f5tts_test-00000-of-00007_00326,1,f5tts,1.25,10.1226875,8.12325,810,0.22559837262442706,-0.01523099296229268,0.24082936558671975,1.2,0.07307025176567801,0.007347052692953047,0.06572319907272496,1.51,-0.0006756136354013342,0.00255883181147302,-0.0032344454468743455,-0.003733236273310528,-0.0006104416456942409,-0.0031227946276162905
brep_f5tts_test-00000-of-00007_00334,1,f5tts,original,10.8906875,10.8906875,1087,0.38114343743950246,-0.06845825255281043,0.44960168999231287,0.25,0.09596556790504499,-0.05172422216882838,0.14768979007387337,0.25,0.0,0.0,0.0,0.0,0.0,0.0
brep_f5tts_test-00000-of-00007_00334,1,f5tts,1.0,10.8906875,10.8855625,1087,0.3795142626642925,-0.07052775041337252,0.450042013077665,0.25,0.09349166191281519,-0.05229167486422516,0.14578333677704036,0.25,-0.0016291747752099628,-0.0020694978605620834,0.0004403230853521345,-0.002473905992229797,-0.0005674526953967779,-0.001906453296833005
brep_f5tts_test-00000-of-00007_00334,1,f5tts,0.8,10.8906875,13.588375,1357,0.3820050507051598,-0.06326681805715366,0.44527186876231345,0.25,0.10645670242750774,-0.05616463090467048,0.1626213333321782,0.25,0.0008616132656573128,0.005191434495656774,-0.00432982122999942,0.010491134522462753,-0.0044404087358420954,0.014931543258304841
brep_f5tts_test-00000-of-00007_00334,1,f5tts,1.25,10.8906875,8.730625,871,0.4044219802023366,-0.0661046897578135,0.47052666996015013,0.25,0.0938649873060509,-0.051877011241583115,0.14574199854763403,0.25,0.023278542762834142,0.002353562794996933,0.020924979967837265,-0.0021005805989940812,-0.0001527890727547332,-0.0019477915262393342
brep_f5tts_test-00000-of-00007_00333,1,f5tts,original,12.33,12.33,1231,0.18105371425784955,-0.0683155374032825,0.24936925166113205,1.83,0.06743187673750685,-0.01343720291065606,0.08086907964816291,0.25,0.0,0.0,0.0,0.0,0.0,0.0
brep_f5tts_test-00000-of-00007_00333,1,f5tts,1.0,12.33,12.32275,1230,0.17793935044631926,-0.0688310236161,0.24677037406241925,1.83,0.06458976844077179,-0.015934838905240868,0.08052460734601266,0.25,-0.0031143638115302963,-0.0005154862128174953,-0.002598877598712801,-0.002842108296735063,-0.0024976359945848084,-0.0003444723021502477
brep_f5tts_test-00000-of-00007_00333,1,f5tts,0.8,12.33,15.3870625,1537,0.17444853022836562,-0.06710648653654075,0.24155501676490637,1.8,0.07503461244437945,-0.016220924915730846,0.0912555373601103,0.25,-0.006605184029483929,0.001209050866741751,-0.00781423489622568,0.0076027357068726015,-0.0027837220050747867,0.010386457711947392
brep_f5tts_test-00000-of-00007_00333,1,f5tts,1.25,12.33,9.8874375,987,0.1922612619842436,-0.07360357936789905,0.2658648413521426,1.83,0.07158605835055439,-0.015274747245746262,0.08686080559630065,0.25,0.01120754772639404,-0.005288041964616547,0.01649558969101056,0.004154181613047536,-0.001837544335090202,0.005991725948137738
brep_f5tts_test-00000-of-00007_00365,1,f5tts,original,14.015375,14.015375,1400,0.44878910139350425,-0.22037259302336193,0.6691616944168661,0.25,0.09748282460191081,-0.03118583949815252,0.12866866410006333,0.25,0.0,0.0,0.0,0.0,0.0,0.0
brep_f5tts_test-00000-of-00007_00365,1,f5tts,1.0,14.015375,14.0139375,1399,0.45212597745307337,-0.22329934566955417,0.6754253231226275,0.25,0.09439085851999945,-0.0311021319022421,0.12549299042224155,0.25,0.003336876059569116,-0.0029267526461922433,0.006263628705761359,-0.0030919660819113542,8.370759591042054e-05,-0.0031756736778217887
brep_f5tts_test-00000-of-00007_00365,1,f5tts,0.8,14.015375,17.485625,1747,0.4503136905395307,-0.22034108216859594,0.6706547727081267,0.25,0.10010447841762538,-0.027716281295101293,0.12782075971272666,0.25,0.0015245891460264338,3.151085476599258e-05,0.0014930782912605522,0.002621653815714567,0.003469558203051226,-0.0008479043873366732
brep_f5tts_test-00000-of-00007_00365,1,f5tts,1.25,14.015375,11.23425,1121,0.4761432082600379,-0.2227728073035744,0.6989160155636123,0.25,0.09269258297908435,-0.034323142189857755,0.1270157251689421,0.25,0.027354106866533667,-0.002400214280212476,0.029754321146746143,-0.004790241622826458,-0.0031373026917052363,-0.0016529389311212284
brep_f5tts_test-00000-of-00007_00303,1,f5tts,original,18.941375,18.941375,1892,0.3001934044354215,-0.09630932113912286,0.39650272557454436,0.25,0.08007886538377197,-0.020060572345731983,0.10013943772950396,0.25,0.0,0.0,0.0,0.0,0.0,0.0
brep_f5tts_test-00000-of-00007_00303,1,f5tts,1.0,18.941375,18.9358125,1892,0.2999834136477574,-0.09554167750009104,0.3955250911478484,0.25,0.07639831371381037,-0.02249960811924467,0.09889792183305504,0.25,-0.00020999078766409385,0.000767643639031812,-0.0009776344266959613,-0.003680551669961604,-0.002439035773512687,-0.0012415158964489137
brep_f5tts_test-00000-of-00007_00303,1,f5tts,0.8,18.941375,23.6461875,2363,0.29962103655918665,-0.09795387095130004,0.3975749075104867,0.25,0.08404699890086562,-0.019530156668529704,0.10357715556939531,0.25,-0.000572367876234825,-0.0016445498121771818,0.001072181935942329,0.003968133517093644,0.0005304156772022797,0.0034377178398913577
brep_f5tts_test-00000-of-00007_00303,1,f5tts,1.25,18.941375,15.1526875,1513,0.3138819191429123,-0.10218824219511416,0.41607016133802643,0.25,0.08059467075323373,-0.026545159117723982,0.10713982987095771,0.25,0.013688514707490829,-0.005878921055991304,0.019567435763482077,0.0005158053694617609,-0.006484586771991999,0.0070003921414537595
brep_f5tts_test-00000-of-00007_00396,1,f5tts,original,10.7946875,10.7946875,1077,0.35162759542798133,0.013697040521543215,0.33793055490643814,0.25,0.10663545397179094,2.395138798546041e-05,0.10661150258380549,1.7,0.0,0.0,0.0,0.0,0.0,0.0
brep_f5tts_test-00000-of-00007_00396,1,f5tts,1.0,10.7946875,10.7845625,1076,0.3634334617719938,0.02186123952740948,0.34157222224458433,0.25,0.10645604137722102,0.0006044020218505751,0.10585163935537044,1.7,0.011805866344012483,0.008164199005866266,0.003641667338146193,-0.00017941259456992487,0.0005804506338651147,-0.0007598632284350482
brep_f5tts_test-00000-of-00007_00396,1,f5tts,0.8,10.7946875,13.4681875,1345,0.3559801828101269,0.014282657979358807,0.3416975248307681,0.25,0.11409627144674171,0.002798319082576429,0.11129795236416529,1.69,0.004352587382145556,0.0005856174578155911,0.003766969924329955,0.007460817474950768,0.0027743676945909683,0.0046864497803598
brep_f5tts_test-00000-of-00007_00396,1,f5tts,1.25,10.7946875,8.6619375,864,0.3813124649894898,0.029931244528687145,0.35138122046080267,0.25,0.12063550672679446,0.0002751595167489927,0.12036034721004547,1.7,0.029684869561508453,0.01623420400714393,0.013450665554364527,0.014000052755003517,0.0002512081287635323,0.013748844626239987
brep_f5tts_test-00000-of-00007_00356,1,f5tts,original,18.355375,18.355375,1834,0.29773772473293053,-0.07345837782847883,0.37119610256140934,0.25,0.1273319223161001,-0.04082145180841422,0.1681533741245143,0.25,0.0,0.0,0.0,0.0,0.0,0.0
brep_f5tts_test-00000-of-00007_00356,1,f5tts,1.0,18.355375,18.349625,1833,0.3013331050825208,-0.07615949324350196,0.3774925983260228,0.25,0.1260010942533439,-0.04241373507530678,0.1684148293286507,0.25,0.0035953803495902825,-0.002701115415023131,0.006296495764613441,-0.0013308280627561953,-0.0015922832668925635,0.000261455204136396
brep_f5tts_test-00000-of-00007_00356,1,f5tts,0.8,18.355375,22.9114375,2289,0.29692190373650984,-0.0713232732479598,0.3682451769844696,0.25,0.1300543637716618,-0.043049385424586174,0.17310374919624796,0.25,-0.0008158209964206908,0.0021351045805190344,-0.0029509255769397114,0.0027224414555616916,-0.002227933616171955,0.004950375071733654
brep_f5tts_test-00000-of-00007_00356,1,f5tts,1.25,18.355375,14.7015625,1468,0.3107180508622483,-0.06884757231892719,0.3795656231811755,0.25,0.13183152831494638,-0.04502041435746032,0.1768519426724067,0.25,0.012980326129317765,0.0046108055095516465,0.008369520619766146,0.004499605998846273,-0.004198962549046101,0.008698568547892388
brep_f5tts_test-00000-of-00007_00392,1,f5tts,original,12.831375,12.831375,1281,0.3634262108021013,-0.13001349090415681,0.4934397017062581,0.25,0.1140413105907597,-0.016756831841557587,0.1307981424323173,0.25,0.0,0.0,0.0,0.0,0.0,0.0
brep_f5tts_test-00000-of-00007_00392,1,f5tts,1.0,12.831375,12.8251875,1281,0.3646233995070441,-0.13266249192216123,0.4972858914292053,0.25,0.107523164161281,-0.016558633742782932,0.12408179790406394,0.25,0.0011971887049427865,-0.0026490010180044155,0.003846189722947202,-0.006518146429478691,0.00019819809877465525,-0.006716344528253357
brep_f5tts_test-00000-of-00007_00392,1,f5tts,0.8,12.831375,16.021625,1600,0.3722440024203534,-0.13491723890270535,0.5071612413230587,0.25,0.12057806004771382,-0.020086653987264905,0.1406647140349787,0.25,0.00881779161825208,-0.0049037479985485355,0.013721539616800615,0.006536749456954122,-0.0033298221457073174,0.009866571602661411
brep_f5tts_test-00000-of-00007_00392,1,f5tts,1.25,12.831375,10.2625625,1024,0.3728461466244387,-0.14037533663595025,0.513221483260389,0.25,0.10451082965931291,-0.018425283275425766,0.12293611293473868,0.25,0.00941993582233741,-0.01036184573179344,0.01978178155413085,-0.009530480931446789,-0.0016684514338681788,-0.007862029497578624
brep_f5tts_test-00000-of-00007_00390,1,f5tts,original,11.0826875,11.0826875,1106,0.2383642911430148,-0.051970352547209914,0.2903346436902247,0.25,0.10158830571453988,-0.017734145553388675,0.11932245126792855,0.25,0.0,0.0,0.0,0.0,0.0,0.0
brep_f5tts_test-00000-of-00007_00390,1,f5tts,1.0,11.0826875,11.0744375,1105,0.2397769482597547,-0.05203159101191795,0.29180853927167266,0.25,0.0998267206331428,-0.014668562212412407,0.1144952828455552,0.25,0.0014126571167399071,-6.123846470803412e-05,0.0014738955814479482,-0.0017615850813970796,0.0030655833409762683,-0.004827168422373351
brep_f5tts_test-00000-of-00007_00390,1,f5tts,0.8,11.0826875,13.8341875,1381,0.2415125772499898,-0.05039108294416826,0.2919036601941581,0.25,0.10913519221093171,-0.01617847937952506,0.12531367159045675,0.25,0.0031482861069750123,0.0015792696030416525,0.0015690165039333737,0.007546886496391833,0.0015556661738636152,0.005991220322528204
brep_f5tts_test-00000-of-00007_00390,1,f5tts,1.25,11.0826875,8.876125,886,0.24386719965303463,-0.054205707384073966,0.2980729070371086,0.25,0.1004796650986975,-0.017930490311303914,0.11841015541000141,0.25,0.005502908510019833,-0.002235354836864052,0.007738263346883878,-0.0011086406158423712,-0.0001963447579152386,-0.0009122958579271395
brep_f5tts_test-00000-of-00007_00359,1,f5tts,original,6.72,6.72,670,0.3672223450516579,-0.0891531765277106,0.4563755215793685,0.25,0.12369434448790735,-0.032836422771125376,0.15653076725903273,0.3,0.0,0.0,0.0,0.0,0.0,0.0
brep_f5tts_test-00000-of-00007_00359,1,f5tts,1.0,6.72,6.7129375,669,0.3720921801640856,-0.08835859665352783,0.46045077681761337,0.25,0.12810245356430808,-0.03165777761425978,0.15976023117856786,0.31,0.004869835112427667,0.0007945798741827714,0.004075255238244868,0.004408109076400726,0.001178645156865596,0.0032294639195351305
brep_f5tts_test-00000-of-00007_00359,1,f5tts,0.8,6.72,8.3945,837,0.3648840808195738,-0.09216867832742101,0.45705275914699484,0.25,0.13585863854341684,-0.03385780647702435,0.1697164450204412,0.31,-0.0023382642320841085,-0.0030155017997104128,0.000677237567626332,0.012164294055509492,-0.001021383705898972,0.01318567776140847
brep_f5tts_test-00000-of-00007_00359,1,f5tts,1.25,6.72,5.3763125,536,0.36188755208689344,-0.084577985755935,0.44646553784282844,0.25,0.11384855986581881,-0.03946042680709978,0.1533089866729186,0.31,-0.005334792964764468,0.004575190771775595,-0.009909983736540062,-0.009845784622088544,-0.006624004035974407,-0.003221780586114137
brep_yourtts_test-00006-of-00007_00346,1,yourtts,original,13.361,13.361,1334,0.3761566058296774,-0.10580823846406481,0.4819648442937422,0.25,0.06423504752907963,-0.02300446430697867,0.0872395118360583,0.25,0.0,0.0,0.0,0.0,0.0,0.0
brep_yourtts_test-00006-of-00007_00346,1,yourtts,1.0,13.361,13.329,1331,0.36536923966985807,-0.10852663839982982,0.4738958780696879,0.25,0.06496041388558105,-0.024839786438807646,0.0898002003243887,0.25,-0.010787366159819345,-0.0027183999357650035,-0.008068966224054286,0.0007253663565014168,-0.0018353221318289752,0.0025606884883303954
brep_yourtts_test-00006-of-00007_00346,1,yourtts,0.8,13.361,16.657,1664,0.3693235688410985,-0.1026375206975543,0.4719610895386528,0.25,0.070675771165974,-0.023646846034609956,0.09432261720058395,0.25,-0.0068330369885789,0.0031707177665105113,-0.010003754755089411,0.006440723636894366,-0.000642381727631286,0.007083105364525652
brep_yourtts_test-00006-of-00007_00346,1,yourtts,1.25,13.361,10.665,1065,0.3577445886711299,-0.1265053510534903,0.4842499397246202,0.25,0.07450130238489854,-0.024552241525515096,0.09905354391041363,2.0,-0.01841201715854751,-0.020697112589425498,0.0022850954308780147,0.010266254855818904,-0.0015477772185364252,0.01181403207435533
brep_yourtts_test-00006-of-00007_00348,1,yourtts,original,13.859,13.859,1384,0.5188007407058847,-0.14973342977264886,0.6685341704785335,0.25,0.09363531943069785,-0.07830390589542698,0.17193922532612482,0.25,0.0,0.0,0.0,0.0,0.0,0.0
brep_yourtts_test-00006-of-00007_00348,1,yourtts,1.0,13.859,13.827,1381,0.5098213842413004,-0.14728147241094675,0.6571028566522472,0.25,0.09223761016456261,-0.08079369648580058,0.1730313066503632,0.25,-0.008979356464584254,0.0024519573617021173,-0.01143131382628626,-0.0013977092661352358,-0.002489790590373603,0.0010920813242383809
brep_yourtts_test-00006-of-00007_00348,1,yourtts,0.8,13.859,17.276625,1726,0.51185408003013,-0.14916240242669668,0.6610164824568266,0.25,0.0935699162175461,-0.0785698320624113,0.1721397482799574,0.25,-0.006946660675754668,0.0005710273459521853,-0.007517688021706825,-6.54032131517518e-05,-0.0002659261669843288,0.000200522953832577
brep_yourtts_test-00006-of-00007_00348,1,yourtts,1.25,13.859,11.067,1105,0.4966757778038429,-0.1449442252018343,0.6416200030056772,0.25,0.08509826945031661,-0.08080664202707762,0.16590491147739422,0.25,-0.022124962902041745,0.004789204570814554,-0.026914167472856243,-0.00853704998038124,-0.0025027361316506402,-0.006034313848730599
brep_yourtts_test-00006-of-00007_00366,1,yourtts,original,9.489,9.489,947,0.5720692010487388,-0.12579313322134855,0.6978623342700874,0.25,0.042808731966302575,-0.02456866100485648,0.06737739297115905,2.0,0.0,0.0,0.0,0.0,0.0,0.0
brep_yourtts_test-00006-of-00007_00366,1,yourtts,1.0,9.489,9.457,944,0.554347973339515,-0.12263574440263059,0.6769837177421456,0.25,0.04386327949388476,-0.025389710242102813,0.06925298973598756,2.0,-0.017721227709223797,0.0031573888187179655,-0.020878616527941762,0.0010545475275821822,-0.0008210492372463345,0.0018755967648285132
brep_yourtts_test-00006-of-00007_00366,1,yourtts,0.8,9.489,11.818625,1180,0.5665537541821066,-0.1311679543406075,0.6977217085227141,0.25,0.035573013269582406,-0.024751788830101398,0.0603248020996838,2.0,-0.00551544686663219,-0.005374821119258938,-0.0001406257473732797,-0.00723571869672017,-0.00018312782524491922,-0.0070525908714752505
brep_yourtts_test-00006-of-00007_00366,1,yourtts,1.25,9.489,7.569,755,0.5344064330963914,-0.12346952963282948,0.6578759627292208,0.25,0.060673715965116455,-0.024878785210234764,0.08555250117535122,2.0,-0.037662767952347465,0.0023236035885190742,-0.039986371540866594,0.01786498399881388,-0.0003101242053782857,0.018175108204192172
brep_yourtts_test-00006-of-00007_00305,1,yourtts,original,6.657,6.657,664,0.5415313609404168,-0.013315090200066423,0.5548464511404831,0.25,0.1474748498379792,-0.019177506763347084,0.1666523566013263,0.25,0.0,0.0,0.0,0.0,0.0,0.0
brep_yourtts_test-00006-of-00007_00305,1,yourtts,1.0,6.657,6.625,661,0.5274942084466805,-0.02021180811454496,0.5477060165612254,0.25,0.15977317904996183,-0.020230064760026416,0.18000324380998825,0.25,-0.014037152493736271,-0.006896717914478538,-0.007140434579257726,0.012298329211982623,-0.001052557996679332,0.013350887208661955
brep_yourtts_test-00006-of-00007_00305,1,yourtts,0.8,6.657,8.2761875,826,0.5338268233376766,-0.013967538262432692,0.5477943616001093,0.25,0.15388290864691134,-0.024473902101456196,0.17835681074836754,0.25,-0.007704537602740147,-0.0006524480623662683,-0.00705208954037384,0.006408058808932138,-0.0052963953381091125,0.011704454147041243
brep_yourtts_test-00006-of-00007_00305,1,yourtts,1.25,6.657,5.305,529,0.5209434195684827,-0.02758463039954121,0.5485280499680238,0.25,0.13158443444500392,-0.017239387721424713,0.14882382216642864,0.25,-0.020587941371934093,-0.014269540199474788,-0.006318401172459298,-0.015890415392975282,0.0019381190419223704,-0.017828534434897653
brep_yourtts_test-00006-of-00007_00352,1,yourtts,original,13.009,13.009,1299,0.4997468994109599,-0.07185297987206911,0.571599879283029,0.25,0.07732080396350334,-0.017489924844631896,0.09481072880813524,2.0,0.0,0.0,0.0,0.0,0.0,0.0
brep_yourtts_test-00006-of-00007_00352,1,yourtts,1.0,13.009,12.977,1296,0.4931401374345653,-0.07385667806695057,0.5669968155015159,0.25,0.07666424709602239,-0.017836046567774776,0.09450029366379717,2.0,-0.006606761976394593,-0.0020036981948814564,-0.004603063781513095,-0.0006565568674809508,-0.00034612172314288023,-0.00031043514433806707
brep_yourtts_test-00006-of-00007_00352,1,yourtts,0.8,13.009,16.2154375,1620,0.493589897769332,-0.07675956052218025,0.5703494582915123,0.25,0.07277933473247933,-0.017568630330151744,0.09034796506263107,2.0,-0.006157001641627913,-0.004906580650111139,-0.001250420991516732,-0.004541469231024012,-7.870548551984838e-05,-0.004462763745504167
brep_yourtts_test-00006-of-00007_00352,1,yourtts,1.25,13.009,10.385,1037,0.48797291638780693,-0.08182716403446033,0.5698000804222673,0.25,0.07249292233415056,-0.02071146970170966,0.09320439203586021,2.0,-0.011773983023152967,-0.009974184162391223,-0.0017997988607617588,-0.004827881629352784,-0.0032215448570777627,-0.0016063367722750216
brep_yourtts_test-00006-of-00007_00345,1,yourtts,original,10.209,10.209,1019,0.5296182652715165,0.06259603162266056,0.46702223364885587,0.25,0.10648510452390934,0.013719982920196723,0.09276512160371261,1.74,0.0,0.0,0.0,0.0,0.0,0.0
brep_yourtts_test-00006-of-00007_00345,1,yourtts,1.0,10.209,10.177,1016,0.518073025655062,0.04663743263311872,0.47143559302194327,0.25,0.11170174505982738,0.013174912862932538,0.09852683219689484,1.74,-0.011545239616454483,-0.015958598989541842,0.0044133593730874,0.005216640535918041,-0.0005450700572641846,0.005761710593182229
brep_yourtts_test-00006-of-00007_00345,1,yourtts,0.8,10.209,12.7178125,1270,0.5245755398196214,0.051091666880209094,0.47348387293941224,0.25,0.11011977453498664,0.011228311081834058,0.09889146345315258,1.74,-0.005042725451895103,-0.011504364742451464,0.006461639290556376,0.0036346700110772984,-0.002491671838362665,0.00612634184943997
brep_yourtts_test-00006-of-00007_00345,1,yourtts,1.25,10.209,8.145,813,0.5137545051642556,0.030577753401622283,0.4831767517626333,0.25,0.11879764287322689,0.01123136981377441,0.10756627305945247,1.75,-0.01586376010726087,-0.032018278221038275,0.01615451811377744,0.012312538349317545,-0.0024886131064223126,0.014801151455739861
brep_yourtts_test-00006-of-00007_00302,1,yourtts,original,13.649,13.649,1363,0.4993051737638381,-0.0878422704628154,0.5871474442266535,0.25,0.07301886020750814,-0.0029707293599460166,0.07598958956745416,0.42,0.0,0.0,0.0,0.0,0.0,0.0
brep_yourtts_test-00006-of-00007_00302,1,yourtts,1.0,13.649,13.617,1360,0.49705261704796283,-0.09044205325912298,0.5874946703070858,0.25,0.06914023141339129,-0.0030969936425226403,0.07223722505591393,0.41000000000000003,-0.0022525567158752646,-0.0025997827963075842,0.00034722608043225023,-0.0038786287941168507,-0.00012626428257662362,-0.003752364511540235
brep_yourtts_test-00006-of-00007_00302,1,yourtts,0.8,13.649,17.0154375,1700,0.4900436782505534,-0.0885917304762112,0.5786354087267646,0.25,0.0759393401331679,-0.002162091220263008,0.07810143135343091,0.42,-0.009261495513284701,-0.0007494600133958057,-0.008512035499888992,0.0029204799256597608,0.0008086381396830086,0.002111841785976745
brep_yourtts_test-00006-of-00007_00302,1,yourtts,1.25,13.649,10.897,1088,0.5234785122699467,-0.08595613578771982,0.6094346480576665,0.25,0.07541841261421323,0.0011586261109368863,0.07425978650327635,1.08,0.024173338506108588,0.0018861346750955743,0.022287203831012903,0.0023995524067050855,0.004129355470882903,-0.0017298030641778178
brep_yourtts_test-00006-of-00007_00349,1,yourtts,original,16.354,16.354,1633,0.4587611687261896,-0.09656218938329462,0.5553233581094842,0.25,0.1080097822567403,-0.02206402896952145,0.13007381122626174,0.25,0.0,0.0,0.0,0.0,0.0,0.0
brep_yourtts_test-00006-of-00007_00349,1,yourtts,1.0,16.354,16.322,1630,0.4501588147928353,-0.09822571048192187,0.5483845252747572,0.25,0.1029498031397501,-0.025013107315644746,0.12796291045539485,0.25,-0.00860235393335429,-0.0016635210986272464,-0.00693883283472696,-0.0050599791169901875,-0.0029490783461232975,-0.002110900770866897
brep_yourtts_test-00006-of-00007_00349,1,yourtts,0.8,16.354,20.3988125,2038,0.4554102012784406,-0.09562883981787537,0.551039041096316,0.25,0.10679983247520267,-0.024418252739843258,0.1312180852150459,0.25,-0.003350967447748987,0.0009333495654192531,-0.004284317013168226,-0.0012099497815376281,-0.002354223770321809,0.0011442739887841669
brep_yourtts_test-00006-of-00007_00349,1,yourtts,1.25,16.354,13.058,1304,0.4375192728312592,-0.09641679039947716,0.5339360632307364,0.25,0.10409910863053029,-0.023615181130923556,0.12771428976145385,0.25,-0.021241895894930418,0.00014539898381746297,-0.021387294878747798,-0.003910673626210004,-0.001551152161402107,-0.00235952146480789
brep_yourtts_test-00006-of-00007_00385,1,yourtts,original,14.033,14.033,1401,0.45516626541833677,-0.05339743951814469,0.5085637049364815,0.25,0.14067906817411122,-0.03132510597209227,0.17200417414620348,0.25,0.0,0.0,0.0,0.0,0.0,0.0
brep_yourtts_test-00006-of-00007_00385,1,yourtts,1.0,14.033,14.001,1398,0.4561758291292668,-0.05854526649782643,0.5147210956270932,0.25,0.13975111403976914,-0.035002560905571106,0.17475367494534025,0.25,0.0010095637109300282,-0.00514782697968174,0.006157390690611719,-0.0009279541343420739,-0.0036774549334788395,0.0027495007991367726
brep_yourtts_test-00006-of-00007_00385,1,yourtts,0.8,14.033,17.4954375,1748,0.45037847636513123,-0.05801035746643022,0.5083888338315614,0.25,0.1401181459650573,-0.03514039893456718,0.1752585448996245,0.25,-0.004787789053205538,-0.004612917948285528,-0.0001748711049200935,-0.0005609222090539046,-0.00381529296247491,0.0032543707534210264
brep_yourtts_test-00006-of-00007_00385,1,yourtts,1.25,14.033,11.201,1118,0.467846338932841,-0.06010515708566593,0.5279514960185069,0.25,0.14783613631309123,-0.034997305071379756,0.182833441384471,0.25,0.012680073514504231,-0.00670771756752124,0.019387791082025374,0.007157068138980011,-0.003672199099287489,0.01082926723826752
brep_yourtts_test-00006-of-00007_00319,1,yourtts,original,19.441,19.441,1942,0.36506079326124136,-0.07542226471983293,0.4404830579810743,0.25,0.067430606708445,-0.017669047931969026,0.08509965464041402,0.25,0.0,0.0,0.0,0.0,0.0,0.0
brep_yourtts_test-00006-of-00007_00319,1,yourtts,1.0,19.441,19.409,1939,0.3615161784590522,-0.07457166657013956,0.43608784502919173,0.25,0.06389570456664222,-0.015220870336210956,0.07911657490285318,0.25,-0.00354461480218915,0.0008505981496933768,-0.0043952129518825545,-0.0035349021418027843,0.0024481775957580706,-0.005983079737560848
brep_yourtts_test-00006-of-00007_00319,1,yourtts,0.8,19.441,24.2538125,2423,0.3571146942082323,-0.075393702630532,0.4325083968387643,0.25,0.06694912553188906,-0.01890770996053886,0.08585683549242792,0.25,-0.007946099053009081,2.856208930093751e-05,-0.007974661142309991,-0.00048148117655594236,-0.001238662028569832,0.0007571808520139001
brep_yourtts_test-00006-of-00007_00319,1,yourtts,1.25,19.441,15.529,1551,0.3764052513063363,-0.07395393924204158,0.45035919054837786,0.25,0.06479736065693881,-0.013890687908621519,0.07868804856556033,0.25,0.01134445804509493,0.0014683254777913546,0.009876132567303575,-0.002633246051506194,0.0037783600233475077,-0.006411606074853693
brep_yourtts_test-00006-of-00007_00338,1,yourtts,original,18.961,18.961,1894,0.3966536890110024,-0.040808138263745505,0.4374618272747479,0.25,0.07097939236674461,-0.0136479289503542,0.08462732131709881,0.9500000000000001,0.0,0.0,0.0,0.0,0.0,0.0
brep_yourtts_test-00006-of-00007_00338,1,yourtts,1.0,18.961,18.929,1891,0.3943681675997439,-0.04432546767741584,0.43869363527715977,0.25,0.06854879746259109,-0.013286007012961697,0.08183480447555277,0.96,-0.0022855214112584843,-0.0035173294136703337,0.0012318080024118494,-0.002430594904153524,0.0003619219373925033,-0.002792516841546036
brep_yourtts_test-00006-of-00007_00338,1,yourtts,0.8,18.961,23.658625,2364,0.38453344232053743,-0.04418231356317848,0.4287157558837159,0.25,0.06796864351007459,-0.015347602725275286,0.08331624623534988,0.9500000000000001,-0.012120246690464964,-0.0033741752994329716,-0.008746071391032006,-0.0030107488566700202,-0.0016996737749210861,-0.0013110750817489358
brep_yourtts_test-00006-of-00007_00338,1,yourtts,1.25,18.961,15.145,1513,0.41783444235001976,-0.054738104633214935,0.4725725469832347,0.25,0.07225697311308174,-0.012426866793184058,0.0846838399062658,0.96,0.021180753339017366,-0.01392996636946943,0.03511071970848678,0.0012775807463371314,0.0012210621571701417,5.651858916698449e-05
brep_yourtts_test-00006-of-00007_00350,1,yourtts,original,7.348,7.348,733,0.5112773394533934,-0.08202929332145226,0.5933066327748456,0.25,0.16785211316572943,-0.1257162398431323,0.29356835300886175,0.25,0.0,0.0,0.0,0.0,0.0,0.0
brep_yourtts_test-00006-of-00007_00350,1,yourtts,1.0,7.348,7.316,730,0.5093084937578578,-0.08179309668521156,0.5911015904430694,0.25,0.16849329567911656,-0.1279284365818475,0.296421732260964,0.25,-0.0019688456955355704,0.0002361966362406931,-0.002205042331776208,0.0006411825133871285,-0.0022121967387151997,0.0028533792521022727
brep_yourtts_test-00006-of-00007_00350,1,yourtts,0.8,7.348,9.14,912,0.509852871645496,-0.08099458775532949,0.5908474594008255,0.25,0.1708771165528496,-0.134358694605624,0.3052358111584736,0.25,-0.0014244678078974005,0.0010347055661227705,-0.0024591733740201294,0.0030250033871201676,-0.008642454762491703,0.011667458149611842
brep_yourtts_test-00006-of-00007_00350,1,yourtts,1.25,7.348,5.852,583,0.5042486565949748,-0.0837906062967639,0.5880392628917387,0.25,0.16177628356329848,-0.13367180615491175,0.29544808971821024,0.25,-0.007028682858418622,-0.001761312975311638,-0.005267369883106943,-0.006075829602430943,-0.00795556631177946,0.0018797367093484896
brep_yourtts_test-00006-of-00007_00360,1,yourtts,original,9.841,9.841,982,0.3740106440210696,-0.1374194445679255,0.5114300885889951,0.25,0.04989078149941027,-0.03820176295189112,0.0880925444513014,1.57,0.0,0.0,0.0,0.0,0.0,0.0
brep_yourtts_test-00006-of-00007_00360,1,yourtts,1.0,9.841,9.809,979,0.3670613803305354,-0.14579435287615253,0.512855733206688,0.25,0.0453092371522963,-0.039912721744956525,0.08522195889725283,0.25,-0.006949263690534169,-0.008374908308227041,0.0014256446176929005,-0.004581544347113969,-0.0017109587930654035,-0.002870585554048566
brep_yourtts_test-00006-of-00007_00360,1,yourtts,0.8,9.841,12.2538125,1223,0.3640656843125699,-0.1327474630403258,0.4968131473528957,0.25,0.05389749799135375,-0.042548996646233336,0.09644649463758709,0.25,-0.009944959708499679,0.004671981527599678,-0.014616941236099357,0.0040067164919434795,-0.004347233694342215,0.008353950186285694
brep_yourtts_test-00006-of-00007_00360,1,yourtts,1.25,9.841,7.849,783,0.3594823485633745,-0.13788843388292962,0.49737078244630417,0.25,0.05653449238923267,-0.041864766141047435,0.09839925853028011,1.57,-0.014528295457695073,-0.0004689893150041369,-0.014059306142690908,0.0066437108898224,-0.0036630031891563136,0.010306714078978721
brep_yourtts_test-00006-of-00007_00391,1,yourtts,original,9.329,9.329,931,0.47034731443996625,-0.03904955337990822,0.5093968678198745,0.25,0.08918084946987169,-0.03327288763584162,0.1224537371057133,1.24,0.0,0.0,0.0,0.0,0.0,0.0
brep_yourtts_test-00006-of-00007_00391,1,yourtts,1.0,9.329,9.297,928,0.4575883049409183,-0.027790690167150807,0.4853789951080691,0.25,0.0832130876664529,-0.0321586830807688,0.1153717707472217,1.24,-0.012759009499047957,0.01125886321275741,-0.024017872711805388,-0.005967761803418792,0.0011142045550728216,-0.0070819663584916065
brep_yourtts_test-00006-of-00007_00391,1,yourtts,0.8,9.329,11.6138125,1159,0.4580492174400589,-0.04349611010366398,0.5015453275437228,0.25,0.08125683170979223,-0.03018942868969534,0.11144626039948757,0.25,-0.01229809699990736,-0.004446556723755761,-0.007851540276151647,-0.007924017760079463,0.0030834589461462836,-0.011007476706225733
brep_yourtts_test-00006-of-00007_00391,1,yourtts,1.25,9.329,7.441,742,0.4690897774427436,-0.035541676439844516,0.5046314538825881,0.25,0.0798436525910851,-0.024561921118659555,0.10440557370974465,0.25,-0.0012575369972226413,0.0035078769400637005,-0.004765413937286356,-0.009337196878786591,0.008710966517182069,-0.018048163395968653
brep_yourtts_test-00006-of-00007_00351,1,yourtts,original,7.426,7.426,741,0.5789223915816327,-0.08666316999721563,0.6655855615788484,2.0,0.15644956065711738,-0.03054312331849688,0.18699268397561425,1.99,0.0,0.0,0.0,0.0,0.0,0.0
brep_yourtts_test-00006-of-00007_00351,1,yourtts,1.0,7.426,7.394,737,0.5653583112059624,-0.10154051650846566,0.666898827714428,1.99,0.15829019745346953,-0.03522030332304377,0.1935105007765133,2.0,-0.013564080375670362,-0.014877346511250028,0.0013132661355795827,0.0018406367963521575,-0.004677180004546887,0.006517816800899051
brep_yourtts_test-00006-of-00007_00351,1,yourtts,0.8,7.426,9.2371875,922,0.569117277713856,-0.0988736213134849,0.6679908990273409,2.0,0.1669786742944035,-0.03786233460117761,0.2048410088955811,2.0,-0.009805113867776716,-0.012210451316269272,0.0024053374484924728,0.01052911363728612,-0.007319211282680732,0.01784832491996685
brep_yourtts_test-00006-of-00007_00351,1,yourtts,1.25,7.426,5.914,589,0.5627181973657338,-0.12821791909759572,0.6909361164633295,1.99,0.1491201713032223,-0.03501185840569929,0.1841320297089216,2.0,-0.016204194215898915,-0.041554749100380095,0.025350554884481125,-0.007329389353895072,-0.0044687350872024065,-0.002860654266692658
brep_yourtts_test-00006-of-00007_00315,1,yourtts,original,17.89,17.89,1787,0.4938285390253963,-0.06666580528483748,0.5604943443102338,0.25,0.13832416578435444,-0.045457106021398894,0.18378127180575332,0.25,0.0,0.0,0.0,0.0,0.0,0.0
brep_yourtts_test-00006-of-00007_00315,1,yourtts,1.0,17.89,17.858,1784,0.48818456947132743,-0.07117614650877632,0.5593607159801037,0.25,0.1380048179386783,-0.04423316993577981,0.1822379878744581,0.25,-0.005643969554068873,-0.004510341223938841,-0.0011336283301300876,-0.00031934784567613783,0.0012239360856190831,-0.001543283931295214
brep_yourtts_test-00006-of-00007_00315,1,yourtts,0.8,17.89,22.3188125,2230,0.4907083275803884,-0.0709456341136626,0.561653961694051,0.25,0.1445346711899838,-0.04610396171761917,0.19063863290760297,0.25,-0.0031202114450079033,-0.004279828828825119,0.001159617383817202,0.0062105054056293685,-0.0006468556962202776,0.006857361101849646
brep_yourtts_test-00006-of-00007_00315,1,yourtts,1.25,17.89,14.29,1427,0.4852128029477867,-0.06501888958299103,0.5502316925307777,0.25,0.14200462802004454,-0.04189182060456141,0.18389644862460597,0.25,-0.008615736077609626,0.0016469157018464547,-0.010262651779456067,0.0036804622356901018,0.0035652854168374826,0.00011517681885264697
