id,label,generator,variant,rate_name,input_path,input_sha256,duration_seconds,samples,segment_count,tiled_short_segment,raw_fake,elapsed_seconds
brep_human_test-00000-of-00002_00436,0,human,original,original,work/speed_probe_v1/audio/brep_human_test-00000-of-00002_00436__original.wav,12ea4c063f7187ee953d3bc25512d519095a63d2260fc2495e881ee7f45b8b5a,11.04,176640,3,False,0.3602854907512665,21.801713127000085
brep_human_test-00000-of-00002_00436,0,human,0.8,atempo_0p8,work/speed_probe_v1/audio/brep_human_test-00000-of-00002_00436__atempo_0p8.wav,38dd7e2162c81b65bde58e5748e404da94d7509aa604163cc861086b18f3e8eb,13.7758125,220413,4,False,0.8736250400543213,0.7938734740000655
brep_human_test-00000-of-00002_00436,0,human,1.0,atempo_1p0,work/speed_probe_v1/audio/brep_human_test-00000-of-00002_00436__atempo_1p0.wav,75c91ca8fbb501a60fe577edeb67f8a8a172b1d9465c2a33c4380006f2e9db25,11.032125,176514,3,False,0.6687062382698059,0.5450115490000371
brep_human_test-00000-of-00002_00436,0,human,1.25,atempo_1p25,work/speed_probe_v1/audio/brep_human_test-00000-of-00002_00436__atempo_1p25.wav,b8ffc586900b108288cf727c5bdc8386bf50cec42f316574f59ba1d104a4a582,8.845125,141522,3,False,0.9910615086555481,0.5422106840001106
brep_human_test-00000-of-00002_00482,0,human,original,original,work/speed_probe_v1/audio/brep_human_test-00000-of-00002_00482__original.wav,72c79399615ca4b445f68228fb2e1dec23e6b695b6466d4303cbaecae94ba920,7.52,120320,2,False,0.7911430597305298,0.36239110699989396
brep_human_test-00000-of-00002_00482,0,human,0.8,atempo_0p8,work/speed_probe_v1/audio/brep_human_test-00000-of-00002_00482__atempo_0p8.wav,6fab83404945e89bb770cf6044dffa64445ae481b5874a844a4b606ce7a19d32,9.367375,149878,3,False,0.9738324284553528,0.5456483929999649
brep_human_test-00000-of-00002_00482,0,human,1.0,atempo_1p0,work/speed_probe_v1/audio/brep_human_test-00000-of-00002_00482__atempo_1p0.wav,b9b6f69e83d99cac73a24f37e8126b7ae66612770d464bfbbea10874c70f31ac,7.5151875,120243,2,False,0.6763279438018799,0.36595183700001144
brep_human_test-00000-of-00002_00482,0,human,1.25,atempo_1p25,work/speed_probe_v1/audio/brep_human_test-00000-of-00002_00482__atempo_1p25.wav,c92d88dc4dec0d13e7d19dd0db403a56ff02c89b1a836e48c8e33a88603cfd51,6.0230625,96369,2,False,0.9597588181495667,0.36395155500008514
brep_human_test-00000-of-00002_00433,0,human,original,original,work/speed_probe_v1/audio/brep_human_test-00000-of-00002_00433__original.wav,54909126cb85f22410fce0c64058af63e393011ac5e4b5c329d35192225cd2ad,18.32,293120,5,False,0.9576933979988098,0.921142744000008
brep_human_test-00000-of-00002_00433,0,human,0.8,atempo_0p8,work/speed_probe_v1/audio/brep_human_test-00000-of-00002_00433__atempo_0p8.wav,c80d46170b2a7e7df6d5e5bc15b2afffc42d90070b9b2db3c3f880310ac0063a,22.877,366032,6,False,0.9798313975334167,1.1046827640000174
brep_human_test-00000-of-00002_00433,0,human,1.0,atempo_1p0,work/speed_probe_v1/audio/brep_human_test-00000-of-00002_00433__atempo_1p0.wav,4a381ccbe7a57e364cc519c165d63586a4402b11ebe1f4e9a323e637e7f35a6b,18.31525,293044,5,False,0.9317936897277832,0.9303446469998562
brep_human_test-00000-of-00002_00433,0,human,1.25,atempo_1p25,work/speed_probe_v1/audio/brep_human_test-00000-of-00002_00433__atempo_1p25.wav,5b8f8f50d2302027ab52982650a9fcf104782965adc6aef09e7005d18b70beb1,14.666875,234670,4,False,0.9990205764770508,0.7406773019999946
brep_human_test-00000-of-00002_00424,0,human,original,original,work/speed_probe_v1/audio/brep_human_test-00000-of-00002_00424__original.wav,f775c3287681267ed92db0e4afba959acefd64768f5d37e7a1adc9ed1101bd21,19.92,318720,5,False,0.6396308541297913,0.9303054399999837
brep_human_test-00000-of-00002_00424,0,human,0.8,atempo_0p8,work/speed_probe_v1/audio/brep_human_test-00000-of-00002_00424__atempo_0p8.wav,9a6736e167da83ef0ab08c784647fefd628dfec5bfef22f65092944105a8dab0,24.8693125,397909,7,False,0.9303392171859741,1.9490397130000474
brep_human_test-00000-of-00002_00424,0,human,1.0,atempo_1p0,work/speed_probe_v1/audio/brep_human_test-00000-of-00002_00424__atempo_1p0.wav,89c3fdb480d6b9349d29f8ccb7bb14f9a368ef1decbd50ed5d8efd2d17a01027,19.9145625,318633,5,False,0.5156991481781006,0.9594864170001074
brep_human_test-00000-of-00002_00424,0,human,1.25,atempo_1p25,work/speed_probe_v1/audio/brep_human_test-00000-of-00002_00424__atempo_1p25.wav,eed33f8175a5b88e35aeedb22c5d8c14a7a5f2df79886a9e37234efe0432d3bb,15.9384375,255015,4,False,0.9724830985069275,0.7569824410002184
brep_human_test-00000-of-00002_00412,0,human,original,original,work/speed_probe_v1/audio/brep_human_test-00000-of-00002_00412__original.wav,edbcb3148577636ed28609ad81625606a4bfdcdf459b93c509cff02c86fe9f7c,7.4533125,119253,2,False,0.5050421357154846,0.37500137600000016
brep_human_test-00000-of-00002_00412,0,human,0.8,atempo_0p8,work/speed_probe_v1/audio/brep_human_test-00000-of-00002_00412__atempo_0p8.wav,9f00fbac77e53765bcb0f7d484821ec1f0c30532503f53c01fd3f95cbe3cad78,9.2895,148632,3,False,0.5286146998405457,0.5682367450001493
brep_human_test-00000-of-00002_00412,0,human,1.0,atempo_1p0,work/speed_probe_v1/audio/brep_human_test-00000-of-00002_00412__atempo_1p0.wav,3d80aa1c191fc6dfecdcf5092a7ecfd811ea0e72c3c9c98cb777cbaee73360e5,7.4451875,119123,2,False,0.5239672064781189,0.3777233929999966
brep_human_test-00000-of-00002_00412,0,human,1.25,atempo_1p25,work/speed_probe_v1/audio/brep_human_test-00000-of-00002_00412__atempo_1p25.wav,b65ce5895786c96cc19e58ca2057e167d432f98b82c9d79c6a95687672f2c8bf,5.9750625,95601,2,False,0.9372305274009705,0.37659459399992556
brep_human_test-00000-of-00002_00494,0,human,original,original,work/speed_probe_v1/audio/brep_human_test-00000-of-00002_00494__original.wav,f56ee8307debee06a1b4af7a5a751c7a6287180f001d292e6b9d0fa7daaa6b3d,14.22,227520,4,False,0.9727798104286194,0.7645660610000959
brep_human_test-00000-of-00002_00494,0,human,0.8,atempo_0p8,work/speed_probe_v1/audio/brep_human_test-00000-of-00002_00494__atempo_0p8.wav,367b740d5f19cb4e33bcd1d75a40bd8967a50fb264d6684570fb16d47dcad9f8,17.765375,284246,5,False,0.993683934211731,0.9540674669999589
brep_human_test-00000-of-00002_00494,0,human,1.0,atempo_1p0,work/speed_probe_v1/audio/brep_human_test-00000-of-00002_00494__atempo_1p0.wav,e658b754141e55caa23a6eed7b44f2bbc638f3181e0deb5c2aef74b934211175,14.213875,227422,4,False,0.8285977840423584,0.7648719290000372
brep_human_test-00000-of-00002_00494,0,human,1.25,atempo_1p25,work/speed_probe_v1/audio/brep_human_test-00000-of-00002_00494__atempo_1p25.wav,3a93d7c5d4b4c809540210b2dcf3642ce10a11e6d1069a0294b95dcaf0a9abfa,11.3966875,182347,3,False,0.9960148334503174,0.5738640059998943
brep_human_test-00000-of-00002_00487,0,human,original,original,work/speed_probe_v1/audio/brep_human_test-00000-of-00002_00487__original.wav,6c6162f1dfc4e918db1ecd46674e36ba6ff55115adf7a44f14b821c34e41192c,15.16,242560,4,False,0.8273297548294067,0.7697683139999754
brep_human_test-00000-of-00002_00487,0,human,0.8,atempo_0p8,work/speed_probe_v1/audio/brep_human_test-00000-of-00002_00487__atempo_0p8.wav,9908bae84947d07e593f37a937d8a90b1a13d9d967b057faee6bd824b14d4390,18.929875,302878,5,False,0.9680973291397095,0.9664049540001542
brep_human_test-00000-of-00002_00487,0,human,1.0,atempo_1p0,work/speed_probe_v1/audio/brep_human_test-00000-of-00002_00487__atempo_1p0.wav,1366f0a84cb058d245a6bc899299119275ffa028a709bff83e61b05e3c580688,15.156125,242498,4,False,0.8910269737243652,0.7734713480001574
brep_human_test-00000-of-00002_00487,0,human,1.25,atempo_1p25,work/speed_probe_v1/audio/brep_human_test-00000-of-00002_00487__atempo_1p25.wav,d4d26c02572017bd25eed223ff5d671010a13835cedeb2ac02eb57bcd4d1d8d0,12.1244375,193991,4,False,0.9565035700798035,0.7626124959999743
brep_human_test-00000-of-00002_00481,0,human,original,original,work/speed_probe_v1/audio/brep_human_test-00000-of-00002_00481__original.wav,44e6c4e2037cc395245b5a7ffcb2fdb8825be53dd858235202e75471e03a67cf,8.64,138240,3,False,0.44430601596832275,0.5719299099998807
brep_human_test-00000-of-00002_00481,0,human,0.8,atempo_0p8,work/speed_probe_v1/audio/brep_human_test-00000-of-00002_00481__atempo_0p8.wav,514bf3e35880496e5df4aa53d315d12b496ad380766ba967bd384d711a45abc3,10.77825,172452,3,False,0.8422634601593018,0.5767340120000881
brep_human_test-00000-of-00002_00481,0,human,1.0,atempo_1p0,work/speed_probe_v1/audio/brep_human_test-00000-of-00002_00481__atempo_1p0.wav,f30ee8b7399f05030c7f709d3316f4c516cb08e0057b9fce30a2eaf7d47b594a,8.6280625,138049,3,False,0.705600380897522,0.5794390119999662
brep_human_test-00000-of-00002_00481,0,human,1.25,atempo_1p25,work/speed_probe_v1/audio/brep_human_test-00000-of-00002_00481__atempo_1p25.wav,5f771d923f03465aa479c1dbe858dc88a8e16fa16c8f655faff7b4199e57ceae,6.919,110704,2,False,0.9534487724304199,0.3823221709999416
brep_human_test-00000-of-00002_00593,0,human,original,original,work/speed_probe_v1/audio/brep_human_test-00000-of-00002_00593__original.wav,ce893f05a2dbb913e95533b4f4a33d760741a8b309343e54200e08834272e1d3,12.32,197120,4,False,0.9993696808815002,0.7708694179998474
brep_human_test-00000-of-00002_00593,0,human,0.8,atempo_0p8,work/speed_probe_v1/audio/brep_human_test-00000-of-00002_00593__atempo_0p8.wav,f898cc8f6c4f5918333c9b0cdb0d79854ec1fc562368300722353c7985edd866,15.371375,245942,4,False,0.9993411898612976,0.7717528860000584
brep_human_test-00000-of-00002_00593,0,human,1.0,atempo_1p0,work/speed_probe_v1/audio/brep_human_test-00000-of-00002_00593__atempo_1p0.wav,2cfea40c6eeb93a7ae1dac7b6cc57e3e7a51f0df8d87b91c2e56230a4d2f7d95,12.30075,196812,4,False,0.9994593262672424,0.7733175660000597
brep_human_test-00000-of-00002_00593,0,human,1.25,atempo_1p25,work/speed_probe_v1/audio/brep_human_test-00000-of-00002_00593__atempo_1p25.wav,de01d41c3401f766e28d34b353cead2342f3bd4ddf13594b875a00925152f3ed,9.8586875,157739,3,False,0.9995399713516235,0.5857902279999507
brep_human_test-00000-of-00002_00551,0,human,original,original,work/speed_probe_v1/audio/brep_human_test-00000-of-00002_00551__original.wav,489db88a131bfbaac9b19f0a3ec261366ceeddc55d61a77b9114b8899bd5f177,19.16,306560,5,False,0.9996978044509888,0.9759520669999802
brep_human_test-00000-of-00002_00551,0,human,0.8,atempo_0p8,work/speed_probe_v1/audio/brep_human_test-00000-of-00002_00551__atempo_0p8.wav,edd8b4fc836727a36bf4316b4a29dcc78936cfc3a46aca385a1797c593e139ba,23.93425,382948,6,False,0.9990754127502441,1.1726945820000765
brep_human_test-00000-of-00002_00551,0,human,1.0,atempo_1p0,work/speed_probe_v1/audio/brep_human_test-00000-of-00002_00551__atempo_1p0.wav,9dd57e5bcdf58309345851d3146303d203094858486340a1675d63ca049844c7,19.15475,306476,5,False,0.9996938705444336,0.9788160069999776
brep_human_test-00000-of-00002_00551,0,human,1.25,atempo_1p25,work/speed_probe_v1/audio/brep_human_test-00000-of-00002_00551__atempo_1p25.wav,259c47f1417a5afbe8f26efc6193c090356a51d546b3f6a933a0311574ed2487,15.3281875,245251,4,False,0.9995996356010437,0.791817630999958
brep_human_test-00000-of-00002_00589,0,human,original,original,work/speed_probe_v1/audio/brep_human_test-00000-of-00002_00589__original.wav,2ad743d856be9f46bef028eb8527590f6aff1a936e02f1c806a8fcb22228887c,8.36,133760,3,False,0.9996706247329712,0.5909472270000151
brep_human_test-00000-of-00002_00589,0,human,0.8,atempo_0p8,work/speed_probe_v1/audio/brep_human_test-00000-of-00002_00589__atempo_0p8.wav,a7e6ac52b92e527c894628a3878a597fd8ad9a5ee956143700b2c6e300a5b156,10.426125,166818,3,False,0.9980530738830566,0.590711858000077
brep_human_test-00000-of-00002_00589,0,human,1.0,atempo_1p0,work/speed_probe_v1/audio/brep_human_test-00000-of-00002_00589__atempo_1p0.wav,bceb420aed7764d983f8a16474dcf9c96593add9c77131e047ec45809c41a2d9,8.3465,133544,3,False,0.9996776580810547,0.593344295000179
brep_human_test-00000-of-00002_00589,0,human,1.25,atempo_1p25,work/speed_probe_v1/audio/brep_human_test-00000-of-00002_00589__atempo_1p25.wav,44946b5c1edd725a14f6d873a822aca576983361baeee882213a7988ba02988c,6.687,106992,2,False,0.9995798468589783,0.39526455000009264
brep_human_test-00000-of-00002_00564,0,human,original,original,work/speed_probe_v1/audio/brep_human_test-00000-of-00002_00564__original.wav,48a6e9541593079e1952f92aeea8c2d2316c95125c3e5980e42f8e4462c84f9a,20.0,320000,5,False,0.9988812804222107,0.9966827670000384
brep_human_test-00000-of-00002_00564,0,human,0.8,atempo_0p8,work/speed_probe_v1/audio/brep_human_test-00000-of-00002_00564__atempo_0p8.wav,b4b0fada0dcb49d63b66fd0d11150ee166cc27a896f94b9543423cfbebc8b70f,24.9783125,399653,7,False,0.9987533092498779,1.408878249000054
brep_human_test-00000-of-00002_00564,0,human,1.0,atempo_1p0,work/speed_probe_v1/audio/brep_human_test-00000-of-00002_00564__atempo_1p0.wav,2f14efc71e7e0c4c590d4cc67780acd09f0ecc7a91d4b3fd39a4034746722975,19.9960625,319937,5,False,0.9991543292999268,1.0131734869999036
brep_human_test-00000-of-00002_00564,0,human,1.25,atempo_1p25,work/speed_probe_v1/audio/brep_human_test-00000-of-00002_00564__atempo_1p25.wav,c74f853988282cd34c335ceebab73c8753a0a5204dfcb7155f47a321a92dd746,16.0129375,256207,4,False,0.9988179802894592,0.7939158180001868
brep_human_test-00001-of-00002_00109,0,human,original,original,work/speed_probe_v1/audio/brep_human_test-00001-of-00002_00109__original.wav,7246de8ad81a46a1e3857cc7d80eb9345fb102dfc0acb20d56abcd4bb5ef50e1,12.48,199680,4,False,0.9834074378013611,0.8012880559999758
brep_human_test-00001-of-00002_00109,0,human,0.8,atempo_0p8,work/speed_probe_v1/audio/brep_human_test-00001-of-00002_00109__atempo_0p8.wav,85d67516025743701a41e5c39b5492136b344f979651fef87a23b9cb0c94f8d4,15.5838125,249341,4,False,0.9935348033905029,0.7976238439998724
brep_human_test-00001-of-00002_00109,0,human,1.0,atempo_1p0,work/speed_probe_v1/audio/brep_human_test-00001-of-00002_00109__atempo_1p0.wav,d0214d76021eb9865e0e0f958a415227af059adc432e1784ea9667e1f8acb9da,12.4749375,199599,4,False,0.9958176016807556,0.7998528030000216
brep_human_test-00001-of-00002_00109,0,human,1.25,atempo_1p25,work/speed_probe_v1/audio/brep_human_test-00001-of-00002_00109__atempo_1p25.wav,b08e82a6e55006249c4e63ef70e605eba7eb6efc656a9fc8ed1fe7d328359afe,9.9993125,159989,3,False,0.9898310303688049,0.6022995460000402
brep_human_test-00001-of-00002_00166,0,human,original,original,work/speed_probe_v1/audio/brep_human_test-00001-of-00002_00166__original.wav,e9badfcf9e65cadcdc42cb03838d9a9ef418149c1633f6c96fc6470b5a0d5018,7.08,113280,2,False,0.3529717028141022,0.3949834690001808
brep_human_test-00001-of-00002_00166,0,human,0.8,atempo_0p8,work/speed_probe_v1/audio/brep_human_test-00001-of-00002_00166__atempo_0p8.wav,d3416e34b548011fbda6526d099e45fc679f959dd258a263b209dafaf8a95e07,8.8255,141208,3,False,0.9532247185707092,0.6010128640000403
brep_human_test-00001-of-00002_00166,0,human,1.0,atempo_1p0,work/speed_probe_v1/audio/brep_human_test-00001-of-00002_00166__atempo_1p0.wav,5f520adc38d4024981ea15fb7133cc74a8dba9fd9a481e41e53492bc3f4cf7ff,7.0750625,113201,2,False,0.3635231852531433,0.40309609599989926
brep_human_test-00001-of-00002_00166,0,human,1.25,atempo_1p25,work/speed_probe_v1/audio/brep_human_test-00001-of-00002_00166__atempo_1p25.wav,df89aba8ab9e0d719ff55b4953ca90610a99b012f9f25979d02f676f6e9b750f,5.670875,90734,2,False,0.9863317012786865,0.39631679300009637
brep_human_test-00001-of-00002_00113,0,human,original,original,work/speed_probe_v1/audio/brep_human_test-00001-of-00002_00113__original.wav,9ed473a5b40e892e141b04f37466353fd314a01d6cbd4e4389d58468deca5de3,8.64,138240,3,False,0.9855119585990906,0.6100958069998796
brep_human_test-00001-of-00002_00113,0,human,0.8,atempo_0p8,work/speed_probe_v1/audio/brep_human_test-00001-of-00002_00113__atempo_0p8.wav,a9505fede1dab7e37d3c30143b74ffbc2a15c5ba0538bcd7a4397d86172af866,10.7706875,172331,3,False,0.9710021615028381,0.6052444389999891
brep_human_test-00001-of-00002_00113,0,human,1.0,atempo_1p0,work/speed_probe_v1/audio/brep_human_test-00001-of-00002_00113__atempo_1p0.wav,fad3b3eb9a1dc747fc1de19ebfaa6a2e135dcc23963338d7b852905e005c76e6,8.6335625,138137,3,False,0.9880526065826416,0.6120425599999635
brep_human_test-00001-of-00002_00113,0,human,1.25,atempo_1p25,work/speed_probe_v1/audio/brep_human_test-00001-of-00002_00113__atempo_1p25.wav,2176bb03b22823ead3561bbd3d253eb7d56aa353649d7cf3e35592eaca4ec464,6.9334375,110935,2,False,0.9975564479827881,0.40364781099992797
brep_human_test-00001-of-00002_00194,0,human,original,original,work/speed_probe_v1/audio/brep_human_test-00001-of-00002_00194__original.wav,32ae377a24cd7c95987010335deb45b630cbf1475efa9e5276ba710f6eca3851,15.08,241280,4,False,0.9933127760887146,0.8154774250001537
brep_human_test-00001-of-00002_00194,0,human,0.8,atempo_0p8,work/speed_probe_v1/audio/brep_human_test-00001-of-00002_00194__atempo_0p8.wav,5fceb963a21af43382cada869870c29050271344bcc37465a76accb53aae3374,18.831875,301310,5,False,0.9939969778060913,1.026123910000024
brep_human_test-00001-of-00002_00194,0,human,1.0,atempo_1p0,work/speed_probe_v1/audio/brep_human_test-00001-of-00002_00194__atempo_1p0.wav,c8fc8afd0745c39aad6d1784ec85e0e208d8bbd81610e5465973250370b681ed,15.077,241232,4,False,0.9952599406242371,0.8162855359998957
brep_human_test-00001-of-00002_00194,0,human,1.25,atempo_1p25,work/speed_probe_v1/audio/brep_human_test-00001-of-00002_00194__atempo_1p25.wav,e4b362fb499ab14bfd375e67f3c987d559e31a3e2402ea2e774fd5506d4b85ae,12.0673125,193077,3,False,0.9950439929962158,0.6157405270000709
brep_human_test-00001-of-00002_00167,0,human,original,original,work/speed_probe_v1/audio/brep_human_test-00001-of-00002_00167__original.wav,394eb419a15975e7d16b063844ddf25b012f2489860d26ba036fd6839c2769ed,8.08,129280,3,False,0.8758898377418518,0.6155498140001328
brep_human_test-00001-of-00002_00167,0,human,0.8,atempo_0p8,work/speed_probe_v1/audio/brep_human_test-00001-of-00002_00167__atempo_0p8.wav,e57fbd0926386bde625f45a90e5425bb8dbb1e5a2815c2dd69cac97aeb3b804a,10.081,161296,3,False,0.9514310956001282,0.6163786540000729
brep_human_test-00001-of-00002_00167,0,human,1.0,atempo_1p0,work/speed_probe_v1/audio/brep_human_test-00001-of-00002_00167__atempo_1p0.wav,e09bee87ffbbaad4a11d49f1187410659c132157f8ebf1d8818e183f6a3af767,8.0734375,129175,2,False,0.5191112160682678,0.41121819299996787
brep_human_test-00001-of-00002_00167,0,human,1.25,atempo_1p25,work/speed_probe_v1/audio/brep_human_test-00001-of-00002_00167__atempo_1p25.wav,eeb26f3edb4b3e18ae236b94b3e72e4ffad24c9480b7d016ee22b530e38cb21e,6.4763125,103621,2,False,0.9878453612327576,0.41045864100010476
brep_human_test-00001-of-00002_00131,0,human,original,original,work/speed_probe_v1/audio/brep_human_test-00001-of-00002_00131__original.wav,0f9981e83a3785e237f4d0a1ed06a3ae776c8c0d6914973510d5743f7e4a3775,6.48,103680,2,False,0.9781384468078613,0.4113731130000815
brep_human_test-00001-of-00002_00131,0,human,0.8,atempo_0p8,work/speed_probe_v1/audio/brep_human_test-00001-of-00002_00131__atempo_0p8.wav,606307c7c2318f71e3a60eb3528517d1364252e781e79dd54aa98157d0541411,8.0860625,129377,3,False,0.99216628074646,0.6213625259999844
brep_human_test-00001-of-00002_00131,0,human,1.0,atempo_1p0,work/speed_probe_v1/audio/brep_human_test-00001-of-00002_00131__atempo_1p0.wav,fea8c409bb6291e497fc8ff022cd789e3f73efbf5e8ffe314f9c62089d09ee4a,6.475375,103606,2,False,0.9805144667625427,0.40840877799996633
brep_human_test-00001-of-00002_00131,0,human,1.25,atempo_1p25,work/speed_probe_v1/audio/brep_human_test-00001-of-00002_00131__atempo_1p25.wav,93a4eb4aa4e4d16e6017cafe4af0a4e1bb8173091bfb4b527f6053f1fae6efea,5.2014375,83223,2,False,0.9724891781806946,0.4128039900001568
brep_human_test-00001-of-00002_00137,0,human,original,original,work/speed_probe_v1/audio/brep_human_test-00001-of-00002_00137__original.wav,79547670322068592526406f8d43a365b4c8716b487c1236b416046575e763f8,9.56,152960,3,False,0.9828652143478394,0.6219332670000313
brep_human_test-00001-of-00002_00137,0,human,0.8,atempo_0p8,work/speed_probe_v1/audio/brep_human_test-00001-of-00002_00137__atempo_0p8.wav,2601bcc20351598dbe661cdd2ebb87222f89cfc813c2bf06de2f80e16f375886,11.9228125,190765,3,False,0.9933316111564636,0.6247708200000943
brep_human_test-00001-of-00002_00137,0,human,1.0,atempo_1p0,work/speed_probe_v1/audio/brep_human_test-00001-of-00002_00137__atempo_1p0.wav,60ea88b4332e0012798aeedc164d84a921e929069229630a398b1024119bcfa4,9.5510625,152817,3,False,0.959408700466156,0.6277518219999365
brep_human_test-00001-of-00002_00137,0,human,1.25,atempo_1p25,work/speed_probe_v1/audio/brep_human_test-00001-of-00002_00137__atempo_1p25.wav,18141a0f1caf0ee11e285c4eae10e6d29237095e275209eccc8774bac854b40f,7.6505625,122409,2,False,0.9872012138366699,0.41819443500003217
brep_human_test-00001-of-00002_00139,0,human,original,original,work/speed_probe_v1/audio/brep_human_test-00001-of-00002_00139__original.wav,b274424c8b563c5700d6bf641ecc84af242ceda02fd3c64801c638b3b8ee96e6,11.44,183040,3,False,0.5956282615661621,0.6320029799999247
brep_human_test-00001-of-00002_00139,0,human,0.8,atempo_0p8,work/speed_probe_v1/audio/brep_human_test-00001-of-00002_00139__atempo_0p8.wav,d06caf72e01084cd17268359f4102f35c4d10cb2affcbae09ccd1c20afc9b4ce,14.289125,228626,4,False,0.9575034379959106,0.8407348589998946
brep_human_test-00001-of-00002_00139,0,human,1.0,atempo_1p0,work/speed_probe_v1/audio/brep_human_test-00001-of-00002_00139__atempo_1p0.wav,f55d217a013b70d84ad788591466b33fe175b2c7a4ccb245a36c25d387b0c943,11.4305625,182889,3,False,0.5563027858734131,0.6410417380000126
brep_human_test-00001-of-00002_00139,0,human,1.25,atempo_1p25,work/speed_probe_v1/audio/brep_human_test-00001-of-00002_00139__atempo_1p25.wav,c72b9c3cd8aa389200621514827aae1e0a1e504b22d313917bc789141afe075e,9.1744375,146791,3,False,0.9907453060150146,0.6368301950001296
brep_human_test-00001-of-00002_00187,0,human,original,original,work/speed_probe_v1/audio/brep_human_test-00001-of-00002_00187__original.wav,74be9d7300af2d2024c485a6aa6aad68c45f4bc6f129af9c84b26ebda98f1a19,9.2,147200,3,False,0.9693248271942139,0.6364946349999627
brep_human_test-00001-of-00002_00187,0,human,0.8,atempo_0p8,work/speed_probe_v1/audio/brep_human_test-00001-of-00002_00187__atempo_0p8.wav,815b893a6c5d6907d321ed668e5ea507d8675192c93b6ef1f1f90a3bbb4fcba8,11.4779375,183647,3,False,0.9897093176841736,0.6367909709999822
brep_human_test-00001-of-00002_00187,0,human,1.0,atempo_1p0,work/speed_probe_v1/audio/brep_human_test-00001-of-00002_00187__atempo_1p0.wav,d1836f19f93be7ecd77659d9861e99f9d5588765ae7c1e8528c1ce3ede6c3f64,9.194625,147114,3,False,0.9902201890945435,0.6401032460000806
brep_human_test-00001-of-00002_00187,0,human,1.25,atempo_1p25,work/speed_probe_v1/audio/brep_human_test-00001-of-00002_00187__atempo_1p25.wav,44e76af2f622a0ec83ac6fe2bdd119f4f760cdf497c388d2cb5bd43af5d25541,7.338875,117422,2,False,0.99335116147995,0.427644902999873
brep_human_test-00001-of-00002_00188,0,human,original,original,work/speed_probe_v1/audio/brep_human_test-00001-of-00002_00188__original.wav,c2179dcccb02b566f1dee5d24a798d18eaed7994a4c4532f532f73a3cb0cfce4,6.56,104960,2,False,0.34625113010406494,0.42515378500002043
brep_human_test-00001-of-00002_00188,0,human,0.8,atempo_0p8,work/speed_probe_v1/audio/brep_human_test-00001-of-00002_00188__atempo_0p8.wav,cbc6ed650931f2155761837eaf8e3810bd65b87c3ba7aefaf1a45fee0bcbf4ce,8.1706875,130731,3,False,0.748875617980957,0.6505267519999052
brep_human_test-00001-of-00002_00188,0,human,1.0,atempo_1p0,work/speed_probe_v1/audio/brep_human_test-00001-of-00002_00188__atempo_1p0.wav,b684970108c95b5af151f73009482757401c871b0c917fedaf635589e8c51841,6.554375,104870,2,False,0.4062867760658264,0.4268739040001037
brep_human_test-00001-of-00002_00188,0,human,1.25,atempo_1p25,work/speed_probe_v1/audio/brep_human_test-00001-of-00002_00188__atempo_1p25.wav,9168779f6e90c11122ae5cbf180b2f4f05028ce602f94b9f120194f8704c12b4,5.266125,84258,2,False,0.7139822244644165,0.42698939599995356
brep_human_test-00001-of-00002_00101,0,human,original,original,work/speed_probe_v1/audio/brep_human_test-00001-of-00002_00101__original.wav,006463ee16afa8450c2dd795af292faf5cbd103a8b84a492de20dd6c2be943cc,10.32,165120,3,False,0.9364367723464966,0.6399926089998189
brep_human_test-00001-of-00002_00101,0,human,0.8,atempo_0p8,work/speed_probe_v1/audio/brep_human_test-00001-of-00002_00101__atempo_0p8.wav,86e56da19864937e00cc64d134d30183a4975525524d0add6af6ea5a5fa0a44e,12.8829375,206127,4,False,0.9801714420318604,0.8678398100000777
brep_human_test-00001-of-00002_00101,0,human,1.0,atempo_1p0,work/speed_probe_v1/audio/brep_human_test-00001-of-00002_00101__atempo_1p0.wav,6420426e6618d6dcdbdd7dacd4e1b4de21b1eadb022a12e9061c209486739fd8,10.3165,165064,3,False,0.9775332808494568,0.6484950720000597
brep_human_test-00001-of-00002_00101,0,human,1.25,atempo_1p25,work/speed_probe_v1/audio/brep_human_test-00001-of-00002_00101__atempo_1p25.wav,0fd62503319d2a968ce09876fa0cccc74516c6a982c24810715eb2312b81196b,8.2685625,132297,3,False,0.9968156218528748,0.6534606180000537
brep_human_test-00001-of-00002_00191,0,human,original,original,work/speed_probe_v1/audio/brep_human_test-00001-of-00002_00191__original.wav,52b3fc44c2004a4ae2b0cfceff626a074bd5a0c041c5a8789c51a75d92c86b30,18.2,291200,5,False,0.7089594602584839,1.1027318619999278
brep_human_test-00001-of-00002_00191,0,human,0.8,atempo_0p8,work/speed_probe_v1/audio/brep_human_test-00001-of-00002_00191__atempo_0p8.wav,514b04749ca33f9557e28cc9ac8f644a9936afe191863c3ae90d642513ae24a4,22.713875,363422,6,False,0.9918566942214966,1.3254859440000928
brep_human_test-00001-of-00002_00191,0,human,1.0,atempo_1p0,work/speed_probe_v1/audio/brep_human_test-00001-of-00002_00191__atempo_1p0.wav,e33721720b261640945e1622d93e587a979a0867db79a041045929f943ed05f8,18.192375,291078,5,False,0.9162232279777527,1.1010006599999542
brep_human_test-00001-of-00002_00191,0,human,1.25,atempo_1p25,work/speed_probe_v1/audio/brep_human_test-00001-of-00002_00191__atempo_1p25.wav,e9062293cf9d317d4971fc9fe0fb81d05336079681746de003baa1e71aeaedba,14.5639375,233023,4,False,0.9898953437805176,0.8844005079999988
brep_human_test-00001-of-00002_00576,0,human,original,original,work/speed_probe_v1/audio/brep_human_test-00001-of-00002_00576__original.wav,4c19a114354dd3de665e5c67840a4073a1c2416345b8dccf0df7f6d794f57e2e,13.2,211200,4,False,0.9977586269378662,0.8896276289999605
brep_human_test-00001-of-00002_00576,0,human,0.8,atempo_0p8,work/speed_probe_v1/audio/brep_human_test-00001-of-00002_00576__atempo_0p8.wav,af158980f84a2b424aadb88b3f29eba457b7aaef2233fa54aecf2a70737f2778,16.4776875,263643,5,False,0.9976811408996582,1.1264856630000395
brep_human_test-00001-of-00002_00576,0,human,1.0,atempo_1p0,work/speed_probe_v1/audio/brep_human_test-00001-of-00002_00576__atempo_1p0.wav,28d0158e927473a74001d533e5d185df522c8079859ac0148029a5d5024eed0b,13.19325,211092,4,False,0.9989109039306641,0.88504864000015
brep_human_test-00001-of-00002_00576,0,human,1.25,atempo_1p25,work/speed_probe_v1/audio/brep_human_test-00001-of-00002_00576__atempo_1p25.wav,51abb2c30a9cb5b7e5bab583d0249c1ea047762f73282efda24f4c48510412e0,10.5590625,168945,3,False,0.998977780342102,0.6741821729999629
brep_human_test-00001-of-00002_00591,0,human,original,original,work/speed_probe_v1/audio/brep_human_test-00001-of-00002_00591__original.wav,fb1e6e1e819c44f38423bb743798eec6bf907c147e5d8ab16d0574ec743d58ee,16.0799375,257279,4,False,0.9993913173675537,0.8978036189998875
brep_human_test-00001-of-00002_00591,0,human,0.8,atempo_0p8,work/speed_probe_v1/audio/brep_human_test-00001-of-00002_00591__atempo_0p8.wav,8380265589c1603ab6ef3291f8694c10f64c4dd90fa3c4a7b382a0ac72712a76,20.0850625,321361,5,False,0.9993830919265747,1.1347085150000567
brep_human_test-00001-of-00002_00591,0,human,1.0,atempo_1p0,work/speed_probe_v1/audio/brep_human_test-00001-of-00002_00591__atempo_1p0.wav,04a8a79bcd91101a1e3053a3625fbab322f12d6ddfdf5d788a0a3df336a7350b,16.0705,257128,4,False,0.9993707537651062,0.9124374049999915
brep_human_test-00001-of-00002_00591,0,human,1.25,atempo_1p25,work/speed_probe_v1/audio/brep_human_test-00001-of-00002_00591__atempo_1p25.wav,6cdf0f6bc342f66ab93fc54df43bb622cd0836498befe096cc1a728dbc864fcc,12.8646875,205835,4,False,0.9991218447685242,0.9041419700001825
brep_human_test-00001-of-00002_00582,0,human,original,original,work/speed_probe_v1/audio/brep_human_test-00001-of-00002_00582__original.wav,302b1a0b40a88873051feed58e54f29f695b829b36fc61f360a41d0b18e44529,12.2900625,196641,4,False,0.9927069544792175,0.9159051950000503
brep_human_test-00001-of-00002_00582,0,human,0.8,atempo_0p8,work/speed_probe_v1/audio/brep_human_test-00001-of-00002_00582__atempo_0p8.wav,dc220a7c0748ee459bb7c1360f355d917d17287e4b2e0620cbaa58832b2124a8,15.334375,245350,4,False,0.998415470123291,0.9146459900000536
brep_human_test-00001-of-00002_00582,0,human,1.0,atempo_1p0,work/speed_probe_v1/audio/brep_human_test-00001-of-00002_00582__atempo_1p0.wav,5510b423c50c59a07484687fb6448469fafc0325525901c781cfb9ff9f972dbb,12.2835625,196537,4,False,0.9979435801506042,0.8968731459999617
brep_human_test-00001-of-00002_00582,0,human,1.25,atempo_1p25,work/speed_probe_v1/audio/brep_human_test-00001-of-00002_00582__atempo_1p25.wav,3695684c950e3f7c6f99538974a886ff7595e74d4dcd25c3fbadd45960051602,9.83425,157348,3,False,0.9993845224380493,0.6785990089999814
brep_human_test-00001-of-00002_00572,0,human,original,original,work/speed_probe_v1/audio/brep_human_test-00001-of-00002_00572__original.wav,99c45b33b89a288d8dbfa2495cd62944196b742c2007992ec542af22fcdd0ec6,19.32,309120,5,False,0.9981694221496582,1.1402759659999901
brep_human_test-00001-of-00002_00572,0,human,0.8,atempo_0p8,work/speed_probe_v1/audio/brep_human_test-00001-of-00002_00572__atempo_0p8.wav,38608ea1f85af0526dac6c1d03a161d0db6791b1bccdeeac8788c803ec1201d6,24.132125,386114,6,False,0.9994019269943237,1.3707650149999608
brep_human_test-00001-of-00002_00572,0,human,1.0,atempo_1p0,work/speed_probe_v1/audio/brep_human_test-00001-of-00002_00572__atempo_1p0.wav,a747c538051989cc80d1402bfad88e5427d27ad9aa3f22068a4f708d0decc19a,19.3169375,309071,5,False,0.9970045685768127,1.143897600000173
brep_human_test-00001-of-00002_00572,0,human,1.25,atempo_1p25,work/speed_probe_v1/audio/brep_human_test-00001-of-00002_00572__atempo_1p25.wav,e8b27b0cc1a7fb50d2891b848cd1bf0e6fd6c42bff87c8d21a3dbeb8696a3cf7,15.47,247520,4,False,0.9990856647491455,0.9149178010000014
brep_human_test-00001-of-00002_00500,0,human,original,original,work/speed_probe_v1/audio/brep_human_test-00001-of-00002_00500__original.wav,b6d8a4fe3e9c83c4dd87df936ea744db29e992755c0eae3b4b470643a8f07aad,10.27,164320,3,False,0.99954754114151,0.6924750400000903
brep_human_test-00001-of-00002_00500,0,human,0.8,atempo_0p8,work/speed_probe_v1/audio/brep_human_test-00001-of-00002_00500__atempo_0p8.wav,dc0fd6014183345cdedab56b20aa5b4dc21c325643b31e8f6d5c3a8ee7053db2,12.8054375,204887,4,False,0.9994871616363525,0.9243597710001268
brep_human_test-00001-of-00002_00500,0,human,1.0,atempo_1p0,work/speed_probe_v1/audio/brep_human_test-00001-of-00002_00500__atempo_1p0.wav,03a86cf275bb5b7ebe251f926af382745d8f4e5fd2d38f7f324378f8b2bce350,10.26275,164204,3,False,0.9995304346084595,0.6952154499999779
brep_human_test-00001-of-00002_00500,0,human,1.25,atempo_1p25,work/speed_probe_v1/audio/brep_human_test-00001-of-00002_00500__atempo_1p25.wav,dadd4a497005b7830067f1fbe13c34e29bc4f0d2630c25a5640235ceb33267f7,8.21175,131388,3,False,0.9996920824050903,0.6965290609998647
brep_human_test-00001-of-00002_00507,0,human,original,original,work/speed_probe_v1/audio/brep_human_test-00001-of-00002_00507__original.wav,96a010c9f78ea22562643ec25a11c02bc78d2aae3c6a586a8a8282c572bbf541,13.32,213120,4,False,0.9996532201766968,0.933385774000044
brep_human_test-00001-of-00002_00507,0,human,0.8,atempo_0p8,work/speed_probe_v1/audio/brep_human_test-00001-of-00002_00507__atempo_0p8.wav,624e332ecd6b68d4e8b52c4ee93bd73aecc9b3db823ddce170eed4145af46997,16.636625,266186,5,False,0.9991658926010132,1.1802987040000517
brep_human_test-00001-of-00002_00507,0,human,1.0,atempo_1p0,work/speed_probe_v1/audio/brep_human_test-00001-of-00002_00507__atempo_1p0.wav,8e5acc42dd3a545c9b937cdf228c1813bce010991e440f25664337a9aeb6cdcf,13.314,213024,4,False,0.9996329545974731,0.9453817119999712
brep_human_test-00001-of-00002_00507,0,human,1.25,atempo_1p25,work/speed_probe_v1/audio/brep_human_test-00001-of-00002_00507__atempo_1p25.wav,4fc18748be529937326e04959ef9d2ea225168e28ee582d0718dda079d82e988,10.6670625,170673,3,False,0.9996079802513123,0.704948499000011
brep_human_test-00001-of-00002_00525,0,human,original,original,work/speed_probe_v1/audio/brep_human_test-00001-of-00002_00525__original.wav,2a5689f6cc0e5398918f9aa1c381a0350f10d29b20953c3e0a5d1e12d5e67cdd,8.32,133120,3,False,0.9994625449180603,0.7085332460001155
brep_human_test-00001-of-00002_00525,0,human,0.8,atempo_0p8,work/speed_probe_v1/audio/brep_human_test-00001-of-00002_00525__atempo_0p8.wav,7783e55b1c10c252934404d4b97c487ee780a8e805348d3583292c1b32bdd74c,10.3621875,165795,3,False,0.9994702935218811,0.7110314379999636
brep_human_test-00001-of-00002_00525,0,human,1.0,atempo_1p0,work/speed_probe_v1/audio/brep_human_test-00001-of-00002_00525__atempo_1p0.wav,edd4547f2023d379f3a288ec344be85fb7817e2b9851d56ed37e29157a6d177b,8.31225,132996,3,False,0.9995564818382263,0.7140069950000907
brep_human_test-00001-of-00002_00525,0,human,1.25,atempo_1p25,work/speed_probe_v1/audio/brep_human_test-00001-of-00002_00525__atempo_1p25.wav,fbadd873850403dc4ea6b8308076f89eb4eae5a93124f3fe2ad7ccd9ce0f66f6,6.649125,106386,2,False,0.9997414946556091,0.4745284030000221
brep_human_test-00001-of-00002_00532,0,human,original,original,work/speed_probe_v1/audio/brep_human_test-00001-of-00002_00532__original.wav,b06d4de615ea126f0622c60dea03e3b1142118e480588716ca5fec47a85b8efd,7.08,113280,2,False,0.9986888766288757,0.47221276499999476
brep_human_test-00001-of-00002_00532,0,human,0.8,atempo_0p8,work/speed_probe_v1/audio/brep_human_test-00001-of-00002_00532__atempo_0p8.wav,b907e300c31e132f487e0edf6cf94397e57ba5fef09a3393da5dd05961538362,8.8271875,141235,3,False,0.9986686706542969,0.7102885740000602
brep_human_test-00001-of-00002_00532,0,human,1.0,atempo_1p0,work/speed_probe_v1/audio/brep_human_test-00001-of-00002_00532__atempo_1p0.wav,e90ff51136b619857bcf68b4eddb1b8e59f6fe3e68ebe5e68b652ec002145d4e,7.06775,113084,2,False,0.9986176490783691,0.47504080399994564
brep_human_test-00001-of-00002_00532,0,human,1.25,atempo_1p25,work/speed_probe_v1/audio/brep_human_test-00001-of-00002_00532__atempo_1p25.wav,89a50c1af9eda12b92bd68049b12e3f3bf84817f044d8899dcd4d4be3efe85e1,5.652375,90438,2,False,0.9976763129234314,0.47906934699994963
brep_f5tts_test-00000-of-00007_00376,1,f5tts,original,original,work/speed_probe_v1/audio/brep_f5tts_test-00000-of-00007_00376__original.wav,4671399ac7491f9b0b617b29b23f50533447c6238a15a7c6e50c94ece5fa97d9,18.738,299808,5,False,0.9993137121200562,1.2055869770001664
brep_f5tts_test-00000-of-00007_00376,1,f5tts,0.8,atempo_0p8,work/speed_probe_v1/audio/brep_f5tts_test-00000-of-00007_00376__atempo_0p8.wav,dfb0d29d7a6b62bb2f96942d09232e32a3467e28ab833bfb8fdd0efa910f6f83,23.399625,374394,6,False,0.9994401335716248,1.4696643300001142
brep_f5tts_test-00000-of-00007_00376,1,f5tts,1.0,atempo_1p0,work/speed_probe_v1/audio/brep_f5tts_test-00000-of-00007_00376__atempo_1p0.wav,9681705d76052fca729a6296aa3cf1299a623bdc0a768ac906f1c3f7289cb068,18.7354375,299767,5,False,0.9992904663085938,1.2250534649999736
brep_f5tts_test-00000-of-00007_00376,1,f5tts,1.25,atempo_1p25,work/speed_probe_v1/audio/brep_f5tts_test-00000-of-00007_00376__atempo_1p25.wav,8533c9b2a6191bfd705d52908084a4f52e8b1cfe1f2de691e124b93ded99bd91,15.01,240160,4,False,0.9994521737098694,0.9719660890000341
brep_f5tts_test-00000-of-00007_00360,1,f5tts,original,original,work/speed_probe_v1/audio/brep_f5tts_test-00000-of-00007_00360__original.wav,5d09c6174bb6eafc461a4c344c85ec9be53df7768bd5dfa9cbcad5113e3c8aa1,11.6586875,186539,3,False,0.999783456325531,0.6971444559999327
brep_f5tts_test-00000-of-00007_00360,1,f5tts,0.8,atempo_0p8,work/speed_probe_v1/audio/brep_f5tts_test-00000-of-00007_00360__atempo_0p8.wav,7b4d3836a911d27cba6fa69fa560f26e89475dfab4d297163e9af1af516194d1,14.542375,232678,4,False,0.9995860457420349,0.9796073259999503
brep_f5tts_test-00000-of-00007_00360,1,f5tts,1.0,atempo_1p0,work/speed_probe_v1/audio/brep_f5tts_test-00000-of-00007_00360__atempo_1p0.wav,d73c335a9173241018280414eea2c9f4cc554784da8bad4ce52e7122f1de6e60,11.6460625,186337,3,False,0.9997254014015198,0.740949080000064
brep_f5tts_test-00000-of-00007_00360,1,f5tts,1.25,atempo_1p25,work/speed_probe_v1/audio/brep_f5tts_test-00000-of-00007_00360__atempo_1p25.wav,c28778a74627cecad4179a22045baab745019f81e85e91b21c44b0b5cb0a284a,9.3424375,149479,3,False,0.9997146725654602,0.7453232329999082
brep_f5tts_test-00000-of-00007_00307,1,f5tts,original,original,work/speed_probe_v1/audio/brep_f5tts_test-00000-of-00007_00307__original.wav,ead249c683e3e113ec0c896d340f7e87e6f9ec6a51e8926cd97363bbaec9e011,10.517375,168278,3,False,0.9997393488883972,0.7500002560000212
brep_f5tts_test-00000-of-00007_00307,1,f5tts,0.8,atempo_0p8,work/speed_probe_v1/audio/brep_f5tts_test-00000-of-00007_00307__atempo_0p8.wav,ce0931bb34c720b3ed992a76623d17b1aeab0c022e30859937a69c6ec994bfa0,13.118375,209894,4,False,0.9994934797286987,1.00282250500004
brep_f5tts_test-00000-of-00007_00307,1,f5tts,1.0,atempo_1p0,work/speed_probe_v1/audio/brep_f5tts_test-00000-of-00007_00307__atempo_1p0.wav,de9385489395079ba2c27808b892cc406891d40151327e70f7cabe19095d45f2,10.5133125,168213,3,False,0.9997691512107849,0.754713595000112
brep_f5tts_test-00000-of-00007_00307,1,f5tts,1.25,atempo_1p25,work/speed_probe_v1/audio/brep_f5tts_test-00000-of-00007_00307__atempo_1p25.wav,de5170f9a9c9e5c7971e8df02efd20ed7d3aec7c3e08277bdcfbcfe354c62431,8.438,135008,3,False,0.9996393918991089,0.7567844910001895
brep_f5tts_test-00000-of-00007_00371,1,f5tts,original,original,work/speed_probe_v1/audio/brep_f5tts_test-00000-of-00007_00371__original.wav,aa344299bee68b56d08ac72391916f3a28e1b39e03a8089ad5a9cc55d437ec18,12.2346875,195755,4,False,0.9994804263114929,1.0121206100000109
brep_f5tts_test-00000-of-00007_00371,1,f5tts,0.8,atempo_0p8,work/speed_probe_v1/audio/brep_f5tts_test-00000-of-00007_00371__atempo_0p8.wav,009f26c0d0de562c520f91aec97af70bb4b54ce4d2f095dc56ecaa22a95bcdad,15.2743125,244389,4,False,0.9991338849067688,1.0145160300000953
brep_f5tts_test-00000-of-00007_00371,1,f5tts,1.0,atempo_1p0,work/speed_probe_v1/audio/brep_f5tts_test-00000-of-00007_00371__atempo_1p0.wav,c533e3f639439ac2e7eec37ae7a40a8f79465bb27362032d8a697fb788c567fe,12.2271875,195635,4,False,0.9994638562202454,1.0207061120001981
brep_f5tts_test-00000-of-00007_00371,1,f5tts,1.25,atempo_1p25,work/speed_probe_v1/audio/brep_f5tts_test-00000-of-00007_00371__atempo_1p25.wav,93f74da845d3b881cd3c7259773c1be00b1e629959742a50a9165c143178cd74,9.792,156672,3,False,0.9997301697731018,0.7690213759999551
brep_f5tts_test-00000-of-00007_00313,1,f5tts,original,original,work/speed_probe_v1/audio/brep_f5tts_test-00000-of-00007_00313__original.wav,c4d4a42cee12e02213e0efff3d1e7a2f568c51a38c6a001cca5ddd4e5fb0315e,12.352,197632,4,False,0.9993315935134888,1.0348418439998568
brep_f5tts_test-00000-of-00007_00313,1,f5tts,0.8,atempo_0p8,work/speed_probe_v1/audio/brep_f5tts_test-00000-of-00007_00313__atempo_0p8.wav,13a57f54dba25e149eda686485d92c9d2fe3f8567ffae2e798d4bba90d94e7e8,15.4285625,246857,4,False,0.9992462396621704,1.0369750469999417
brep_f5tts_test-00000-of-00007_00313,1,f5tts,1.0,atempo_1p0,work/speed_probe_v1/audio/brep_f5tts_test-00000-of-00007_00313__atempo_1p0.wav,737a286c57a4cab561c7710e45f837603fdb7c84f393050e3b1f43041659e6ed,12.3424375,197479,4,False,0.9993277788162231,1.0400653009999132
brep_f5tts_test-00000-of-00007_00313,1,f5tts,1.25,atempo_1p25,work/speed_probe_v1/audio/brep_f5tts_test-00000-of-00007_00313__atempo_1p25.wav,7632a500e58cd044c929572e49d1277c5366fc97c752fddd9d3f4c7fe152eb95,9.895375,158326,3,False,0.9994413256645203,0.7782238390000202
brep_f5tts_test-00000-of-00007_00337,1,f5tts,original,original,work/speed_probe_v1/audio/brep_f5tts_test-00000-of-00007_00337__original.wav,452d1b0fed1ae1602a899c1721f0178641a5a8e24837edce876badb275819fa4,18.5346875,296555,5,False,0.999792754650116,1.306119580999848
brep_f5tts_test-00000-of-00007_00337,1,f5tts,0.8,atempo_0p8,work/speed_probe_v1/audio/brep_f5tts_test-00000-of-00007_00337__atempo_0p8.wav,86d00b46ce03babcd4b0d3e11a64522aa04f82c7057c77ef8e6c6e46c6ea8ff9,23.1455,370328,6,False,0.9994365572929382,1.5847223810001196
brep_f5tts_test-00000-of-00007_00337,1,f5tts,1.0,atempo_1p0,work/speed_probe_v1/audio/brep_f5tts_test-00000-of-00007_00337__atempo_1p0.wav,4d234685bb447ad377c675dd52ec60245af0ddfa8c1c4fda07af8f4aa555d208,18.521625,296346,5,False,0.9997866749763489,1.3240602199998648
brep_f5tts_test-00000-of-00007_00337,1,f5tts,1.25,atempo_1p25,work/speed_probe_v1/audio/brep_f5tts_test-00000-of-00007_00337__atempo_1p25.wav,951480210cc5575720801fb3f4c5ac41594428f3baced088b15437e24306d6fc,14.816,237056,4,False,0.9996378421783447,1.0640905399998246
brep_f5tts_test-00000-of-00007_00326,1,f5tts,original,original,work/speed_probe_v1/audio/brep_f5tts_test-00000-of-00007_00326__original.wav,84304c2b9000cc6e62148ec4fa497f09c81b2f7766c767f1a9aee73568b5a57c,10.1226875,161963,3,False,0.999714195728302,0.7963727100000142
brep_f5tts_test-00000-of-00007_00326,1,f5tts,0.8,atempo_0p8,work/speed_probe_v1/audio/brep_f5tts_test-00000-of-00007_00326__atempo_0p8.wav,5f84f28377e43e33deacc727f82a1325326a518d391c3065d4d0a724da4b9a3f,12.6215625,201945,4,False,0.9992932081222534,1.0645195239999339
brep_f5tts_test-00000-of-00007_00326,1,f5tts,1.0,atempo_1p0,work/speed_probe_v1/audio/brep_f5tts_test-00000-of-00007_00326__atempo_1p0.wav,de981226758afa6cae4b24932171764a35b0c05d7c7086976d20948388646fb2,10.1185625,161897,3,False,0.9996044039726257,0.8075759220000691
brep_f5tts_test-00000-of-00007_00326,1,f5tts,1.25,atempo_1p25,work/speed_probe_v1/audio/brep_f5tts_test-00000-of-00007_00326__atempo_1p25.wav,487726e28a86ae501958de3ec1cda7471d4dc0f6696fac5460cba7ebe2380503,8.12325,129972,3,False,0.9994718432426453,0.8015947620001498
brep_f5tts_test-00000-of-00007_00334,1,f5tts,original,original,work/speed_probe_v1/audio/brep_f5tts_test-00000-of-00007_00334__original.wav,5cceb7582b3c6de7240e08b77354011530da4d3fdd5ab3f9db403bec0880f20c,10.8906875,174251,3,False,0.9997326731681824,0.8059619650000514
brep_f5tts_test-00000-of-00007_00334,1,f5tts,0.8,atempo_0p8,work/speed_probe_v1/audio/brep_f5tts_test-00000-of-00007_00334__atempo_0p8.wav,c7b8903e6f4009cccac3d2091ad27fb2588081e9191bf664015196a30f511f2a,13.588375,217414,4,False,0.9993282556533813,1.0761957930001245
brep_f5tts_test-00000-of-00007_00334,1,f5tts,1.0,atempo_1p0,work/speed_probe_v1/audio/brep_f5tts_test-00000-of-00007_00334__atempo_1p0.wav,88832efa41ca6ba72f67e7ffddecd7179dc93c5e8533044987b07dedbbcc52a2,10.8855625,174169,3,False,0.9996597766876221,0.8057892589999938
brep_f5tts_test-00000-of-00007_00334,1,f5tts,1.25,atempo_1p25,work/speed_probe_v1/audio/brep_f5tts_test-00000-of-00007_00334__atempo_1p25.wav,f72f10a11456dbc33d7f981e328ac6f86a6f9167a0ab77813e212985412e82ed,8.730625,139690,3,False,0.9997022747993469,0.8010304590000032
brep_f5tts_test-00000-of-00007_00333,1,f5tts,original,original,work/speed_probe_v1/audio/brep_f5tts_test-00000-of-00007_00333__original.wav,e35acb188f73d6350739692f041bab7a570d4368a5265e1be66a0cc5160b6314,12.33,197280,4,False,0.9997828602790833,1.0827750939999987
brep_f5tts_test-00000-of-00007_00333,1,f5tts,0.8,atempo_0p8,work/speed_probe_v1/audio/brep_f5tts_test-00000-of-00007_00333__atempo_0p8.wav,4eaa976493bb8b9c9a62eeff13d161baf30fc83f3e87b2e98b116ea41cab0d57,15.3870625,246193,4,False,0.9997442364692688,1.0864958329998444
brep_f5tts_test-00000-of-00007_00333,1,f5tts,1.0,atempo_1p0,work/speed_probe_v1/audio/brep_f5tts_test-00000-of-00007_00333__atempo_1p0.wav,3a854715cf5cf60406bfab84640e78b862ebf03b9a1d9f8a88e9c05fae3391d6,12.32275,197164,4,False,0.9997639060020447,1.0812290860001212
brep_f5tts_test-00000-of-00007_00333,1,f5tts,1.25,atempo_1p25,work/speed_probe_v1/audio/brep_f5tts_test-00000-of-00007_00333__atempo_1p25.wav,2b58afb4f27f247b8073b61a42f99a500c4c6abb48ebdb56f616705b9b95b98d,9.8874375,158199,3,False,0.9998028874397278,0.8030059599998367
brep_f5tts_test-00000-of-00007_00365,1,f5tts,original,original,work/speed_probe_v1/audio/brep_f5tts_test-00000-of-00007_00365__original.wav,7e46f316c46ad88866db9189c8a53c36ffc8bf3ba2fb805622601cc20fc7146c,14.015375,224246,4,False,0.9996932744979858,1.0720242049999342
brep_f5tts_test-00000-of-00007_00365,1,f5tts,0.8,atempo_0p8,work/speed_probe_v1/audio/brep_f5tts_test-00000-of-00007_00365__atempo_0p8.wav,809e4bfe46f948c03dea531d761641c0c0bdaa11f143b694fd2657708371f084,17.485625,279770,5,False,0.9995555281639099,1.3397547360000317
brep_f5tts_test-00000-of-00007_00365,1,f5tts,1.0,atempo_1p0,work/speed_probe_v1/audio/brep_f5tts_test-00000-of-00007_00365__atempo_1p0.wav,f834da1d47b693f5299bd63bcbda81923a9c95094336339de67cd593669dc876,14.0139375,224223,4,False,0.999311089515686,1.0605245870001454
brep_f5tts_test-00000-of-00007_00365,1,f5tts,1.25,atempo_1p25,work/speed_probe_v1/audio/brep_f5tts_test-00000-of-00007_00365__atempo_1p25.wav,8877f122d2c66bcb7b50c6487c9fd313f0cb86a252e88a56773bee8ed10acca5,11.23425,179748,3,False,0.9995201826095581,0.7911905979999574
brep_f5tts_test-00000-of-00007_00303,1,f5tts,original,original,work/speed_probe_v1/audio/brep_f5tts_test-00000-of-00007_00303__original.wav,a4d99db774fef6b3a38efed74158ff18c610482673d384fdbba0a9e382434738,18.941375,303062,5,False,0.9998475313186646,1.3222739330001332
brep_f5tts_test-00000-of-00007_00303,1,f5tts,0.8,atempo_0p8,work/speed_probe_v1/audio/brep_f5tts_test-00000-of-00007_00303__atempo_0p8.wav,ae4ea4e34edaf1e3a14a6726927d597d6b1bdbda2bd3eff7e834b928bf518dcd,23.6461875,378339,6,False,0.9996542930603027,1.5681956200000968
brep_f5tts_test-00000-of-00007_00303,1,f5tts,1.0,atempo_1p0,work/speed_probe_v1/audio/brep_f5tts_test-00000-of-00007_00303__atempo_1p0.wav,cc136ed483722944644f7b58db85226cbeb69ffa9c4058ba0b3ac2ee588fe9a7,18.9358125,302973,5,False,0.999855637550354,1.2910945669998455
brep_f5tts_test-00000-of-00007_00303,1,f5tts,1.25,atempo_1p25,work/speed_probe_v1/audio/brep_f5tts_test-00000-of-00007_00303__atempo_1p25.wav,cc754ef02e3985e852bc165fd2ccae890f2e28f53ef774c32b8ce18fb679f3e1,15.1526875,242443,4,False,0.9996693134307861,1.0318366910000805
brep_f5tts_test-00000-of-00007_00396,1,f5tts,original,original,work/speed_probe_v1/audio/brep_f5tts_test-00000-of-00007_00396__original.wav,e68657d379b1dec9c80529b657f069be1507f729de8342f334442457d5b3e84c,10.7946875,172715,3,False,0.9997490048408508,0.7700791000002027
brep_f5tts_test-00000-of-00007_00396,1,f5tts,0.8,atempo_0p8,work/speed_probe_v1/audio/brep_f5tts_test-00000-of-00007_00396__atempo_0p8.wav,2688a989a22510750e93bcfbc155e64d63e9695c569696344914f0cbb5800740,13.4681875,215491,4,False,0.9997227787971497,1.0276896290001787
brep_f5tts_test-00000-of-00007_00396,1,f5tts,1.0,atempo_1p0,work/speed_probe_v1/audio/brep_f5tts_test-00000-of-00007_00396__atempo_1p0.wav,7b7c49791a97bbd9342cde32c4d558a842f5c6bda7d86add104b66c634163e10,10.7845625,172553,3,False,0.9996820688247681,0.7698155450000286
brep_f5tts_test-00000-of-00007_00396,1,f5tts,1.25,atempo_1p25,work/speed_probe_v1/audio/brep_f5tts_test-00000-of-00007_00396__atempo_1p25.wav,0ca6afbc0fe08e840555ac21abba6f599fea021eb17493bf8c1e67d3fe1f6166,8.6619375,138591,3,False,0.9996789693832397,0.7651452749998953
brep_f5tts_test-00000-of-00007_00356,1,f5tts,original,original,work/speed_probe_v1/audio/brep_f5tts_test-00000-of-00007_00356__original.wav,2ac8ce6cb7ae3555ded4f141604e3d964a413096bb5f9fc96a864b202f64ad17,18.355375,293686,5,False,0.9999181032180786,1.2751782220000223
brep_f5tts_test-00000-of-00007_00356,1,f5tts,0.8,atempo_0p8,work/speed_probe_v1/audio/brep_f5tts_test-00000-of-00007_00356__atempo_0p8.wav,c5eaaff2c3c2f4e8cb53219b07522e328b027925b331e140d4f619899913abdb,22.9114375,366583,6,False,0.9998316764831543,1.52923206499986
brep_f5tts_test-00000-of-00007_00356,1,f5tts,1.0,atempo_1p0,work/speed_probe_v1/audio/brep_f5tts_test-00000-of-00007_00356__atempo_1p0.wav,ec3a37620f97d591fd6b1a5bee975a0a09a6f57bcf01827760f179e3cf58bf78,18.349625,293594,5,False,0.9999089241027832,1.2598840870000458
brep_f5tts_test-00000-of-00007_00356,1,f5tts,1.25,atempo_1p25,work/speed_probe_v1/audio/brep_f5tts_test-00000-of-00007_00356__atempo_1p25.wav,bceaa03984604f862b20a7dec38ff421a5e66a7ac2185a1a8640e3071b857518,14.7015625,235225,4,False,0.9998667240142822,1.0032068989999061
brep_f5tts_test-00000-of-00007_00392,1,f5tts,original,original,work/speed_probe_v1/audio/brep_f5tts_test-00000-of-00007_00392__original.wav,b6bf1c438b55b33379f523b78e5beda1d239d377401194fba084b43986dd678c,12.831375,205302,4,False,0.9997166991233826,1.0039023960000577
brep_f5tts_test-00000-of-00007_00392,1,f5tts,0.8,atempo_0p8,work/speed_probe_v1/audio/brep_f5tts_test-00000-of-00007_00392__atempo_0p8.wav,875a1dcafe369df5167f2c77531464138f94fa7309a56053a69f6cd18c2745cd,16.021625,256346,4,False,0.9996343851089478,0.9971046489999935
brep_f5tts_test-00000-of-00007_00392,1,f5tts,1.0,atempo_1p0,work/speed_probe_v1/audio/brep_f5tts_test-00000-of-00007_00392__atempo_1p0.wav,8c6a8c989845f6007460ee1ebad9f1035a46bff0253d10b79c6a9e74e90cd492,12.8251875,205203,4,False,0.9996354579925537,0.9900014920001468
brep_f5tts_test-00000-of-00007_00392,1,f5tts,1.25,atempo_1p25,work/speed_probe_v1/audio/brep_f5tts_test-00000-of-00007_00392__atempo_1p25.wav,237a4bfcb0de060b63fc8a871617280dfbfb08c04d33e15de640e3c797a06bf9,10.2625625,164201,3,False,0.9994988441467285,0.7329924309999569
brep_f5tts_test-00000-of-00007_00390,1,f5tts,original,original,work/speed_probe_v1/audio/brep_f5tts_test-00000-of-00007_00390__original.wav,d0a9038e4f0bb49d8acfe32083c4bdda465162d4458cf4f87249eed8d0ce7877,11.0826875,177323,3,False,0.9996739625930786,0.7374878009998156
brep_f5tts_test-00000-of-00007_00390,1,f5tts,0.8,atempo_0p8,work/speed_probe_v1/audio/brep_f5tts_test-00000-of-00007_00390__atempo_0p8.wav,73befb03be47fc919f36c379fcf89835c7dbc5b19de05af08847e9ff1debcd39,13.8341875,221347,4,False,0.9994534850120544,0.9827893209999274
brep_f5tts_test-00000-of-00007_00390,1,f5tts,1.0,atempo_1p0,work/speed_probe_v1/audio/brep_f5tts_test-00000-of-00007_00390__atempo_1p0.wav,af658041d0e3d0c5901db3c0911cc2d5d97bdc3b9b3307ced8002f994414c249,11.0744375,177191,3,False,0.9996222257614136,0.7406889599999431
brep_f5tts_test-00000-of-00007_00390,1,f5tts,1.25,atempo_1p25,work/speed_probe_v1/audio/brep_f5tts_test-00000-of-00007_00390__atempo_1p25.wav,fe480b8089def6a627ca833a1c4df18a56a75ee538018d66f2ec372334ea16c9,8.876125,142018,3,False,0.9997647404670715,0.735467270000072
brep_f5tts_test-00000-of-00007_00359,1,f5tts,original,original,work/speed_probe_v1/audio/brep_f5tts_test-00000-of-00007_00359__original.wav,43bbfaa4a67e7aed93c7e56ba8a041eb2a21b620c9fc99bb62f5a97549df3fe0,6.72,107520,2,False,0.9997606873512268,0.4858099210000546
brep_f5tts_test-00000-of-00007_00359,1,f5tts,0.8,atempo_0p8,work/speed_probe_v1/audio/brep_f5tts_test-00000-of-00007_00359__atempo_0p8.wav,204635241c2a3ae2b045bdc550b0ef4ae95a76cb5b52ea4603b1c79ea6897fdb,8.3945,134312,3,False,0.9994286894798279,0.7353208220001761
brep_f5tts_test-00000-of-00007_00359,1,f5tts,1.0,atempo_1p0,work/speed_probe_v1/audio/brep_f5tts_test-00000-of-00007_00359__atempo_1p0.wav,6e0317abcb8fd679f7c74cae109ab64fcf758c4d72a736caa436dc4d5d3572a0,6.7129375,107407,2,False,0.9997099041938782,0.4884383109999817
brep_f5tts_test-00000-of-00007_00359,1,f5tts,1.25,atempo_1p25,work/speed_probe_v1/audio/brep_f5tts_test-00000-of-00007_00359__atempo_1p25.wav,0fa0bd3e77178177ab06db5dd12c1707abb29d324340e8ecd2d5a6ff2576385c,5.3763125,86021,2,False,0.9995830655097961,0.4841554959998575
brep_yourtts_test-00006-of-00007_00346,1,yourtts,original,original,work/speed_probe_v1/audio/brep_yourtts_test-00006-of-00007_00346__original.wav,63258a9260535e867dc955fe0cf7be31721aae0495c284c256023aa4f3671fbc,13.361,213776,4,False,0.9993559718132019,0.9802397089999886
brep_yourtts_test-00006-of-00007_00346,1,yourtts,0.8,atempo_0p8,work/speed_probe_v1/audio/brep_yourtts_test-00006-of-00007_00346__atempo_0p8.wav,cdea8718765dc443f73b81b1131963b6710f259bf3a380dce270b9098a73496a,16.657,266512,5,False,0.999014139175415,1.2333293200001663
brep_yourtts_test-00006-of-00007_00346,1,yourtts,1.0,atempo_1p0,work/speed_probe_v1/audio/brep_yourtts_test-00006-of-00007_00346__atempo_1p0.wav,66364b60da8b7e1181e943fd1bebbc73e0e43fdd8b40fcabcd726ba10ee47563,13.329,213264,4,False,0.9994182586669922,0.9825593059999846
brep_yourtts_test-00006-of-00007_00346,1,yourtts,1.25,atempo_1p25,work/speed_probe_v1/audio/brep_yourtts_test-00006-of-00007_00346__atempo_1p25.wav,b702d866e8b6f780d2cd95ddbf79adda8ddd2d59b9134e7a7ade6ef0a9204b65,10.665,170640,3,False,0.9996390342712402,0.737226684999996
brep_yourtts_test-00006-of-00007_00348,1,yourtts,original,original,work/speed_probe_v1/audio/brep_yourtts_test-00006-of-00007_00348__original.wav,578bfa65ef4b7b4dfff99d1162e7bd73ff9e9b56957f62c5be43d9dbdee1fd1a,13.859,221744,4,False,0.9996277093887329,0.976295392999873
brep_yourtts_test-00006-of-00007_00348,1,yourtts,0.8,atempo_0p8,work/speed_probe_v1/audio/brep_yourtts_test-00006-of-00007_00348__atempo_0p8.wav,43833abf7181622b4462b02e736ec990c9df2d333cde7f2891d099350b630527,17.276625,276426,5,False,0.999445378780365,1.2260043280000446
brep_yourtts_test-00006-of-00007_00348,1,yourtts,1.0,atempo_1p0,work/speed_probe_v1/audio/brep_yourtts_test-00006-of-00007_00348__atempo_1p0.wav,bef066c9879bbf38e6b7f17586146790f83c8c5132c97efc7eab5d4ea3613767,13.827,221232,4,False,0.9995585083961487,0.9797424050000245
brep_yourtts_test-00006-of-00007_00348,1,yourtts,1.25,atempo_1p25,work/speed_probe_v1/audio/brep_yourtts_test-00006-of-00007_00348__atempo_1p25.wav,239aa4e8e553c95e44cbc265898a02595911365868eebcc0d0cb1e0526b48318,11.067,177072,3,False,0.9996722936630249,0.7357934639999257
brep_yourtts_test-00006-of-00007_00366,1,yourtts,original,original,work/speed_probe_v1/audio/brep_yourtts_test-00006-of-00007_00366__original.wav,92b7e3b02fc3405d23ec72b848a04aeac57eea1f24a86cd0db13cc22da552115,9.489,151824,3,False,0.9996210336685181,0.7265660909999951
brep_yourtts_test-00006-of-00007_00366,1,yourtts,0.8,atempo_0p8,work/speed_probe_v1/audio/brep_yourtts_test-00006-of-00007_00366__atempo_0p8.wav,f5be2aa501c6b122c53c04b4960b5673338e78019c141ba523aaade57af5413b,11.818625,189098,3,False,0.9994057416915894,0.7338392419999309
brep_yourtts_test-00006-of-00007_00366,1,yourtts,1.0,atempo_1p0,work/speed_probe_v1/audio/brep_yourtts_test-00006-of-00007_00366__atempo_1p0.wav,955b197bcc7ded3e318a081d22a169b00327245916aeb63205da40a87af180c2,9.457,151312,3,False,0.9996023774147034,0.7280915260000711
brep_yourtts_test-00006-of-00007_00366,1,yourtts,1.25,atempo_1p25,work/speed_probe_v1/audio/brep_yourtts_test-00006-of-00007_00366__atempo_1p25.wav,1263fda799c97f9ca0d8073eb291b533c98c79423d49bfe48da91669fed08c49,7.569,121104,2,False,0.9996494054794312,0.48431950700000925
brep_yourtts_test-00006-of-00007_00305,1,yourtts,original,original,work/speed_probe_v1/audio/brep_yourtts_test-00006-of-00007_00305__original.wav,f8a6e970e848516088b7106bdb0177b54d3d2120e29a1102ea24bd31f055845c,6.657,106512,2,False,0.9996194839477539,0.48224332800009506
brep_yourtts_test-00006-of-00007_00305,1,yourtts,0.8,atempo_0p8,work/speed_probe_v1/audio/brep_yourtts_test-00006-of-00007_00305__atempo_0p8.wav,32f6cef29a7d1bad3846a8718e17c2cd81c971cc4f0a3202b5eff247fd6b9966,8.2761875,132419,3,False,0.99955815076828,0.7302196370001184
brep_yourtts_test-00006-of-00007_00305,1,yourtts,1.0,atempo_1p0,work/speed_probe_v1/audio/brep_yourtts_test-00006-of-00007_00305__atempo_1p0.wav,727e64a5ce5883875bfa6beb557041b4988161382c83f74d3daade01c3f92c26,6.625,106000,2,False,0.9996471405029297,0.4828580220000731
brep_yourtts_test-00006-of-00007_00305,1,yourtts,1.25,atempo_1p25,work/speed_probe_v1/audio/brep_yourtts_test-00006-of-00007_00305__atempo_1p25.wav,81b7fd93f35f50da51bf99657d44c9a0d2acf2c093cf6e84be0d33137bc8425c,5.305,84880,2,False,0.999613344669342,0.4825147820001803
brep_yourtts_test-00006-of-00007_00352,1,yourtts,original,original,work/speed_probe_v1/audio/brep_yourtts_test-00006-of-00007_00352__original.wav,a8bc323a8b4c5937656770a94c51e2800c4602651a4246ba15ed98646cf6dbdd,13.009,208144,4,False,0.9995299577713013,0.9807253399999354
brep_yourtts_test-00006-of-00007_00352,1,yourtts,0.8,atempo_0p8,work/speed_probe_v1/audio/brep_yourtts_test-00006-of-00007_00352__atempo_0p8.wav,c1e562a7d84bfb401c5385c41091f8bd0d0c83b090afd0ccbb1e791569f4685c,16.2154375,259447,5,False,0.9995003938674927,1.2357702460001292
brep_yourtts_test-00006-of-00007_00352,1,yourtts,1.0,atempo_1p0,work/speed_probe_v1/audio/brep_yourtts_test-00006-of-00007_00352__atempo_1p0.wav,b7f7ee25f57fda6297bc18f689b076a9245cd7e77b3bdd076c8b901408a15c71,12.977,207632,4,False,0.9995600581169128,0.9868838749998758
brep_yourtts_test-00006-of-00007_00352,1,yourtts,1.25,atempo_1p25,work/speed_probe_v1/audio/brep_yourtts_test-00006-of-00007_00352__atempo_1p25.wav,a0424d75b4f32ba116b9c2baec3055abc75024cf552bfb89029a36b2f7e5d838,10.385,166160,3,False,0.9996906518936157,0.7335449469999276
brep_yourtts_test-00006-of-00007_00345,1,yourtts,original,original,work/speed_probe_v1/audio/brep_yourtts_test-00006-of-00007_00345__original.wav,81cd399d7c66c413832b3945e1e5442475b3f9495660154ee5a4d53c301bfb62,10.209,163344,3,False,0.9992235898971558,0.7347311940000054
brep_yourtts_test-00006-of-00007_00345,1,yourtts,0.8,atempo_0p8,work/speed_probe_v1/audio/brep_yourtts_test-00006-of-00007_00345__atempo_0p8.wav,c3b902bd5e4ed10acaddbe471523bb5e8478d1ff73ef37351b1c2914a9849d0a,12.7178125,203485,4,False,0.9994099140167236,0.9814736289999928
brep_yourtts_test-00006-of-00007_00345,1,yourtts,1.0,atempo_1p0,work/speed_probe_v1/audio/brep_yourtts_test-00006-of-00007_00345__atempo_1p0.wav,97dbe39c2c56b985d7703d5b8725a6b023e98cf45211798c0cb9a59b8725d400,10.177,162832,3,False,0.9992220401763916,0.7371767629999795
brep_yourtts_test-00006-of-00007_00345,1,yourtts,1.25,atempo_1p25,work/speed_probe_v1/audio/brep_yourtts_test-00006-of-00007_00345__atempo_1p25.wav,d87b0f74887f28def944e255af67bed53af956ccee5b7fd6987ec942d672a405,8.145,130320,3,False,0.9994363188743591,0.7351952220001294
brep_yourtts_test-00006-of-00007_00302,1,yourtts,original,original,work/speed_probe_v1/audio/brep_yourtts_test-00006-of-00007_00302__original.wav,cba3647737d8e8df3627fa0c045af5ed86d62b31336190c2606d3ea153b9db7f,13.649,218384,4,False,0.9997784495353699,0.9857103629999528
brep_yourtts_test-00006-of-00007_00302,1,yourtts,0.8,atempo_0p8,work/speed_probe_v1/audio/brep_yourtts_test-00006-of-00007_00302__atempo_0p8.wav,48f28c0efff5315a369015a5c13256c999729e3b28aeab5ab0ae78ee4b118c93,17.0154375,272247,5,False,0.9994511008262634,1.2385580440000012
brep_yourtts_test-00006-of-00007_00302,1,yourtts,1.0,atempo_1p0,work/speed_probe_v1/audio/brep_yourtts_test-00006-of-00007_00302__atempo_1p0.wav,4e2de5944f9a04d7d1f0101cc693c7b24e7cf6007049e3a4a13fddb382de9459,13.617,217872,4,False,0.9997830986976624,0.9861495899999682
brep_yourtts_test-00006-of-00007_00302,1,yourtts,1.25,atempo_1p25,work/speed_probe_v1/audio/brep_yourtts_test-00006-of-00007_00302__atempo_1p25.wav,ef7202861604439bdcf3ef927069444d1b814734baa3055a5d873acba3d17e6c,10.897,174352,3,False,0.9995439648628235,0.7383285389998946
brep_yourtts_test-00006-of-00007_00349,1,yourtts,original,original,work/speed_probe_v1/audio/brep_yourtts_test-00006-of-00007_00349__original.wav,96693e445abd27199ed3440d0d0100cb8843f5bf363f3eeb085b85e29abf6c5f,16.354,261664,5,False,0.9995850920677185,1.2454049160000977
brep_yourtts_test-00006-of-00007_00349,1,yourtts,0.8,atempo_0p8,work/speed_probe_v1/audio/brep_yourtts_test-00006-of-00007_00349__atempo_0p8.wav,06348d1bec63487935e1a2028923d1f6fec7c7d086187d63d17fe7ec1a20399c,20.3988125,326381,6,False,0.9995797276496887,1.493207878000021
brep_yourtts_test-00006-of-00007_00349,1,yourtts,1.0,atempo_1p0,work/speed_probe_v1/audio/brep_yourtts_test-00006-of-00007_00349__atempo_1p0.wav,362efbe79dfff579e094fb96c2e177dfdccf5e59de3cb8990d7924b283523390,16.322,261152,5,False,0.9996309280395508,1.2559152830001494
brep_yourtts_test-00006-of-00007_00349,1,yourtts,1.25,atempo_1p25,work/speed_probe_v1/audio/brep_yourtts_test-00006-of-00007_00349__atempo_1p25.wav,6ff2f684e44387bab4c974d476edda0bfd04dd877b7810521c328a2a2b220a1a,13.058,208928,4,False,0.9993971586227417,0.9966979310001989
brep_yourtts_test-00006-of-00007_00385,1,yourtts,original,original,work/speed_probe_v1/audio/brep_yourtts_test-00006-of-00007_00385__original.wav,64e8737aef80348ef8e596a28cdcdb75f87bf398df0ffbfb356404d6a190d83c,14.033,224528,4,False,0.999417781829834,0.9973905839999588
brep_yourtts_test-00006-of-00007_00385,1,yourtts,0.8,atempo_0p8,work/speed_probe_v1/audio/brep_yourtts_test-00006-of-00007_00385__atempo_0p8.wav,ab120ab3cc24d36711a0d5d64dfb5eb8f8dded7ba9ffae7e5bc23830b2ff635e,17.4954375,279927,5,False,0.9993416666984558,1.2515264589999333
brep_yourtts_test-00006-of-00007_00385,1,yourtts,1.0,atempo_1p0,work/speed_probe_v1/audio/brep_yourtts_test-00006-of-00007_00385__atempo_1p0.wav,bf5b03a9e0f712ec9084c5a45430aa23a6fa4e94cdb9083bf5201043bfa049de,14.001,224016,4,False,0.9994875192642212,1.0110525270001745
brep_yourtts_test-00006-of-00007_00385,1,yourtts,1.25,atempo_1p25,work/speed_probe_v1/audio/brep_yourtts_test-00006-of-00007_00385__atempo_1p25.wav,7bd277b121ac7e5306363bd1c1ae2d650137bdf9e5c1ebd43dbef2974fc85afc,11.201,179216,3,False,0.9996236562728882,0.7553427620000548
brep_yourtts_test-00006-of-00007_00319,1,yourtts,original,original,work/speed_probe_v1/audio/brep_yourtts_test-00006-of-00007_00319__original.wav,0c3184393a7cc2b549eba5298d083eff204d46a6add881d5ec874ff5e07d4e78,19.441,311056,5,False,0.9994586110115051,1.2695285160000367
brep_yourtts_test-00006-of-00007_00319,1,yourtts,0.8,atempo_0p8,work/speed_probe_v1/audio/brep_yourtts_test-00006-of-00007_00319__atempo_0p8.wav,20888027d5b9614b2e049a32d40b63c5ab6916e64c6b6f65e1fe9162a6793627,24.2538125,388061,7,False,0.999239444732666,1.7775500870000087
brep_yourtts_test-00006-of-00007_00319,1,yourtts,1.0,atempo_1p0,work/speed_probe_v1/audio/brep_yourtts_test-00006-of-00007_00319__atempo_1p0.wav,5f4a0f5415b4d36c04374d1a9b39c96415468cd4e76eb91c4c088ce6e160bda5,19.409,310544,5,False,0.9994901418685913,1.28190606499993
brep_yourtts_test-00006-of-00007_00319,1,yourtts,1.25,atempo_1p25,work/speed_probe_v1/audio/brep_yourtts_test-00006-of-00007_00319__atempo_1p25.wav,be6c1a3da95d7116f36d84d18f4f7d56bc455a66d04ae77e82c6b6eb8b3097bd,15.529,248464,4,False,0.9995908141136169,1.0134304390001034
brep_yourtts_test-00006-of-00007_00338,1,yourtts,original,original,work/speed_probe_v1/audio/brep_yourtts_test-00006-of-00007_00338__original.wav,dd6ba858f5bef6259a4d01e0f4d926c10a7b9b9acde08e1964949288d4bb5716,18.961,303376,5,False,0.999771773815155,1.27257441200004
brep_yourtts_test-00006-of-00007_00338,1,yourtts,0.8,atempo_0p8,work/speed_probe_v1/audio/brep_yourtts_test-00006-of-00007_00338__atempo_0p8.wav,74c74cedc8d82baa88eff0cdfe794438b38eaff919279a83447ca43e23feb5c5,23.658625,378538,6,False,0.9996477365493774,1.534586544000149
brep_yourtts_test-00006-of-00007_00338,1,yourtts,1.0,atempo_1p0,work/speed_probe_v1/audio/brep_yourtts_test-00006-of-00007_00338__atempo_1p0.wav,597c537634c1c5d407830bd91c7f2230279ce3371962538de399f23a22aa64d0,18.929,302864,5,False,0.9997697472572327,1.2789728979998927
brep_yourtts_test-00006-of-00007_00338,1,yourtts,1.25,atempo_1p25,work/speed_probe_v1/audio/brep_yourtts_test-00006-of-00007_00338__atempo_1p25.wav,7bb9d19723a29d21d59b91c82f4518b4a35d338e55868090a89292b349602d1b,15.145,242320,4,False,0.9997311234474182,1.0162461889999577
brep_yourtts_test-00006-of-00007_00350,1,yourtts,original,original,work/speed_probe_v1/audio/brep_yourtts_test-00006-of-00007_00350__original.wav,a7078e769cc428ea0698bc117ebe615f5b65487656374058de4a10564a76c348,7.348,117568,2,False,0.9989946484565735,0.5000851690001582
brep_yourtts_test-00006-of-00007_00350,1,yourtts,0.8,atempo_0p8,work/speed_probe_v1/audio/brep_yourtts_test-00006-of-00007_00350__atempo_0p8.wav,9e1774109403b99787f034cc52a68a0999c69dda1f2488d7d62cd8a255087751,9.14,146240,3,False,0.9982879757881165,0.7532323210000413
brep_yourtts_test-00006-of-00007_00350,1,yourtts,1.0,atempo_1p0,work/speed_probe_v1/audio/brep_yourtts_test-00006-of-00007_00350__atempo_1p0.wav,fdc71d5043ab851b475a99e35a24c12a22231b32de0233d174ac28fd61c83678,7.316,117056,2,False,0.9989460110664368,0.501217122000071
brep_yourtts_test-00006-of-00007_00350,1,yourtts,1.25,atempo_1p25,work/speed_probe_v1/audio/brep_yourtts_test-00006-of-00007_00350__atempo_1p25.wav,3361f79378242f9102a997278c7be78409e7706c8d3aa6294fbc040a4079ea58,5.852,93632,2,False,0.999321460723877,0.5005750270001954
brep_yourtts_test-00006-of-00007_00360,1,yourtts,original,original,work/speed_probe_v1/audio/brep_yourtts_test-00006-of-00007_00360__original.wav,cb78c964d0842cd06e0f8728482f7aec5f74470df5f85c58695bd50f977d2470,9.841,157456,3,False,0.9996428489685059,0.7628791919999003
brep_yourtts_test-00006-of-00007_00360,1,yourtts,0.8,atempo_0p8,work/speed_probe_v1/audio/brep_yourtts_test-00006-of-00007_00360__atempo_0p8.wav,6a5c0b8081aaaaf4297cd2b918ca68b688dff9180d3faa49da815e1de204733d,12.2538125,196061,4,False,0.9993040561676025,1.0178468449998945
brep_yourtts_test-00006-of-00007_00360,1,yourtts,1.0,atempo_1p0,work/speed_probe_v1/audio/brep_yourtts_test-00006-of-00007_00360__atempo_1p0.wav,2270896476e824cecb469409a068cf22721c2b85d74dcd3741d25f2e1e0906b7,9.809,156944,3,False,0.9996953010559082,0.7620158910001464
brep_yourtts_test-00006-of-00007_00360,1,yourtts,1.25,atempo_1p25,work/speed_probe_v1/audio/brep_yourtts_test-00006-of-00007_00360__atempo_1p25.wav,1ab563934f584401c590881ee381d1d717280f1637d7cd304648892201011b91,7.849,125584,2,False,0.9996235370635986,0.4999411619999137
brep_yourtts_test-00006-of-00007_00391,1,yourtts,original,original,work/speed_probe_v1/audio/brep_yourtts_test-00006-of-00007_00391__original.wav,6544b2ac1b3c38a737e9c28e19eec96fa8042478035ecbc06f2ef2e08caf23c0,9.329,149264,3,False,0.9993700385093689,0.761406253999894
brep_yourtts_test-00006-of-00007_00391,1,yourtts,0.8,atempo_0p8,work/speed_probe_v1/audio/brep_yourtts_test-00006-of-00007_00391__atempo_0p8.wav,dde53967a92603c73b9d032b6ea609027c4d2e25ad536c575d5375d112086a5b,11.6138125,185821,3,False,0.9993477463722229,0.759340279000071
brep_yourtts_test-00006-of-00007_00391,1,yourtts,1.0,atempo_1p0,work/speed_probe_v1/audio/brep_yourtts_test-00006-of-00007_00391__atempo_1p0.wav,98034d2258802f413f13481cae13c85d90ba96706aa279419467358926b7770f,9.297,148752,3,False,0.9993636012077332,0.7588776459999735
brep_yourtts_test-00006-of-00007_00391,1,yourtts,1.25,atempo_1p25,work/speed_probe_v1/audio/brep_yourtts_test-00006-of-00007_00391__atempo_1p25.wav,bab083f46863c9864ef90132d2ac27769442a5f5ebd323e15f65f38212d98f7b,7.441,119056,2,False,0.9995673298835754,0.5018600749999678
brep_yourtts_test-00006-of-00007_00351,1,yourtts,original,original,work/speed_probe_v1/audio/brep_yourtts_test-00006-of-00007_00351__original.wav,e64d9284da637f0ce32b4dec367c191d7a2d88eb27000ff9d3d8dcc3e887ea74,7.426,118816,2,False,0.9993471503257751,0.5005066930000339
brep_yourtts_test-00006-of-00007_00351,1,yourtts,0.8,atempo_0p8,work/speed_probe_v1/audio/brep_yourtts_test-00006-of-00007_00351__atempo_0p8.wav,7aac4884d85634c0426aea7cc7d4708ee345a1cc0d918a278b9fac96234b42b2,9.2371875,147795,3,False,0.9991028308868408,0.7566261530000702
brep_yourtts_test-00006-of-00007_00351,1,yourtts,1.0,atempo_1p0,work/speed_probe_v1/audio/brep_yourtts_test-00006-of-00007_00351__atempo_1p0.wav,54cff1657de64a390529bf6ac4edf69fd24359769bfad26b3c741d03ae0661fe,7.394,118304,2,False,0.9993641972541809,0.49780358700013494
brep_yourtts_test-00006-of-00007_00351,1,yourtts,1.25,atempo_1p25,work/speed_probe_v1/audio/brep_yourtts_test-00006-of-00007_00351__atempo_1p25.wav,df9eb7247556db5d08394a98733e812f85d4637d9f4fe244fdf228e9c08f1a70,5.914,94624,2,False,0.9992632269859314,0.4971082679999199
brep_yourtts_test-00006-of-00007_00315,1,yourtts,original,original,work/speed_probe_v1/audio/brep_yourtts_test-00006-of-00007_00315__original.wav,168ddc69d75220e947d92262647156d324b664cabf1ab0161824f937c5799cf0,17.89,286240,5,False,0.9992690682411194,1.2620332819999476
brep_yourtts_test-00006-of-00007_00315,1,yourtts,0.8,atempo_0p8,work/speed_probe_v1/audio/brep_yourtts_test-00006-of-00007_00315__atempo_0p8.wav,831bc84038ba3938f66428e3f6e3763edb3df9a8945362e743ced773808b7d10,22.3188125,357101,6,False,0.9996191263198853,1.5115084429999115
brep_yourtts_test-00006-of-00007_00315,1,yourtts,1.0,atempo_1p0,work/speed_probe_v1/audio/brep_yourtts_test-00006-of-00007_00315__atempo_1p0.wav,5f0c21575952ae02acdd281e3899f11a9b91d25d7325639db25ea2222f7f1ab0,17.858,285728,5,False,0.9993353486061096,1.2647280300000148
brep_yourtts_test-00006-of-00007_00315,1,yourtts,1.25,atempo_1p25,work/speed_probe_v1/audio/brep_yourtts_test-00006-of-00007_00315__atempo_1p25.wav,c111649fccc3241df541ad03ed59394f89ba8fa2230ca576c21c5e4ed6eb58c0,14.29,228640,4,False,0.9995625615119934,1.0105950059999032
